coin_id,peg_ccy,base,target,market_name,market_identifier,converted_volume_usd,bid_ask_spread_pct,cost_to_move_up_usd,cost_to_move_down_usd,trust_score,is_stale,is_anomaly,last_traded_at,target_coin_id,snapshot_utc
eurc,EUR,EURC,USDC,Coinbase Exchange,gdax,4345819,0.018613,323496.3913642789,364698.3233723045,,False,False,2026-09-05T09:27:35+00:00,usdc,2026-09-05T09:29:15Z
eurc,EUR,EURC,USDC,Aerodrome SlipStream,aerodrome-slipstream,3850841,0.602883,43158.272853438735,43028.59686581252,,False,False,2026-09-05T09:27:46+00:00,usdc,2026-09-05T09:29:15Z
eurc,EUR,EURC,USDC,Aerodrome Slipstream 3,aerodrome-slipstream-3,3235024,0.603572,8366.004344873632,8340.86733627297,,False,False,2026-09-05T09:21:19+00:00,usdc,2026-09-05T09:29:15Z
eurc,EUR,EURC,WETH,Aerodrome Slipstream 3,aerodrome-slipstream-3,3086291,0.603067,18964.504661697512,18907.522750484364,,False,False,2026-09-05T09:25:18+00:00,l2-standard-bridged-weth-base,2026-09-05T09:29:15Z
eurc,EUR,EURC,USDC,Uniswap V4 (Ethereum),uniswap-v4-ethereum,1519390,0.602867,44811.328400081984,44676.68554060389,,False,False,2026-09-05T09:18:57+00:00,usdc,2026-09-05T09:29:15Z
eurc,EUR,EURC,USDC,Kraken,kraken,1330187,0.068852,250285.04632977594,174961.40922480565,,False,False,2026-09-05T09:12:19+00:00,usdc,2026-09-05T09:29:15Z
eurc,EUR,EURC,USDC,Orca,orca,1270701,0.603986,7593.594972406484,7570.7787922728585,,False,False,2026-09-05T09:26:12+00:00,usdc,2026-09-05T09:29:15Z
eurc,EUR,EURC,EUR,Kraken,kraken,1176780,0.029988,210266.06645877613,248782.36133049955,,False,False,2026-09-05T09:25:20+00:00,,2026-09-05T09:29:15Z
eurc,EUR,EURC,USD,Kraken,kraken,1146116,0.070581,169622.75952116,639041.59286579,,False,False,2026-09-05T09:27:46+00:00,,2026-09-05T09:29:15Z
eurc,EUR,EURC,USDC,Aerodrome SlipStream,aerodrome-slipstream,698797,0.609212,1328.7746917241273,1324.782173972845,,False,False,2026-09-05T09:27:46+00:00,usdc,2026-09-05T09:29:15Z
eurc,EUR,EURC,USDC,Uniswap V3 (Ethereum),uniswap_v3,652615,0.602852,65996.34223021506,65798.04558179535,,False,False,2026-09-05T09:20:33+00:00,usdc,2026-09-05T09:29:15Z
eurc,EUR,EURC,CBBTC,Aerodrome SlipStream,aerodrome-slipstream,549436,0.603477,7497.590505991306,7475.062786752332,,False,False,2026-09-05T09:24:36+00:00,coinbase-wrapped-btc,2026-09-05T09:29:15Z
eurc,EUR,EURC,USDC,PancakeSwap V3 (Base),pancakeswap-v3-base,280664,0.605461,3135.7877481121645,3126.3657683539964,,False,False,2026-09-05T09:24:40+00:00,usdc,2026-09-05T09:29:15Z
ethereum,EUR,ETH,EURC,Kanga Global,kanga,171355,0.351213,112624.41248170339,851968.5885337985,,False,False,2026-09-05T09:27:39+00:00,eurc,2026-09-05T09:29:15Z
eurc,EUR,EURC,USDT,PancakeSwap V3 (Base),pancakeswap-v3-base,145810,0.607322,1386.7181713036473,1382.5515530278494,,False,False,2026-09-05T09:17:20+00:00,l2-standard-bridged-usdt-base,2026-09-05T09:29:15Z
eurc,EUR,EURC,EURE,Uniswap V3 (Ethereum),uniswap_v3,117382,0.613429,924.1310150692375,921.3543144704422,,False,False,2026-09-05T08:56:47+00:00,monerium-eur-money,2026-09-05T09:29:15Z
bitcoin,EUR,BTC,EURC,Kanga Global,kanga,102038,1.295853,330516.7320307866,486479.1269678166,,False,False,2026-09-05T09:26:06+00:00,eurc,2026-09-05T09:29:15Z
eurc,EUR,EURC,USDC,VALR,valr,101936,0.215128,57685.09223696332,57946.744468176956,,False,False,2026-09-05T05:38:27+00:00,usdc,2026-09-05T09:29:15Z
eurc,EUR,EURC,EURCV,Uniswap V3 (Ethereum),uniswap_v3,100596,0.602775,117189.09720779197,116836.98367509685,,False,False,2026-09-05T09:08:11+00:00,eur-coinvertible,2026-09-05T09:29:15Z
bitcoin,EUR,BTC,EURC,Kraken,kraken,99106,0.202891,80147.32722280738,115356.09911302874,,False,False,2026-09-05T05:24:54+00:00,eurc,2026-09-05T09:29:15Z
eurc,EUR,EURC,EUR,Bit2Me,bit2me,82893,0.029991,105544.32286079464,136004.4366123608,,False,False,2026-09-05T09:27:37+00:00,,2026-09-05T09:29:15Z
eurc,EUR,EURC,XLM,StellarTerm,stellar_term,76082,,,,,False,True,2026-09-05T09:26:53+00:00,stellar,2026-09-05T09:29:15Z
eurc,EUR,EURC,USDC,Velodrome SlipStream (Optimism),velodrome-finance-slipstream,75186,0.605578,2589.2193101486782,2581.439583365714,,False,False,2026-09-05T09:26:10+00:00,usdc,2026-09-05T09:29:15Z
eurc,EUR,EURC,USDC,Uniswap V4 (Base),uniswap-v4-base,71331,0.604228,3222.091480319914,3212.4101870867166,,False,False,2026-09-05T09:24:41+00:00,usdc,2026-09-05T09:29:15Z
eurc,EUR,EURC,USDC,Alien Base V3,alien-base-v3,69066,0.605029,2617.2643823407866,2609.400389617734,,False,False,2026-09-05T09:22:44+00:00,usdc,2026-09-05T09:29:15Z
eurc,EUR,EURC,WETH,Alien Base V3,alien-base-v3,60118,0.60884,730.8134213694995,728.6175746425369,,False,False,2026-09-05T09:25:17+00:00,l2-standard-bridged-weth-base,2026-09-05T09:29:15Z
eurc,EUR,EURC,USDC,Pancakeswap Infinity CLMM (Base),pancakeswap-infinity-clmm-base,53860,0.612689,723.2004836994972,721.0275112709212,,False,False,2026-09-05T09:25:16+00:00,usdc,2026-09-05T09:29:15Z
eurc,EUR,EURC,USDC,Uniswap V3 (Avalanche),uniswap-v3-avalanche,51963,0.604677,4497.280729068975,4483.767924185546,,False,False,2026-09-05T09:22:49+00:00,usdc,2026-09-05T09:29:15Z
ethereum,EUR,ETH,EURC,De¹,openocean_finance,48678,,,,,True,True,2026-09-03T12:45:45+00:00,eurc,2026-09-05T09:29:15Z
eurc,EUR,EURC,PLN,Kanga Global,kanga,44418,1.209045,143993.44223983452,131242.96909454913,,False,False,2026-09-05T09:26:06+00:00,,2026-09-05T09:29:15Z
eurc,EUR,EURC,BRL,Mercado Bitcoin,mercado_bitcoin,40230,1.844007,3233.165715603847,5981.249319048826,,False,True,2026-09-05T01:49:36+00:00,,2026-09-05T09:29:15Z
eurc,EUR,EURC,USDC,Uniswap V3 (Base),uniswap-v3-base,40014,0.607669,1505.4277769078376,1500.9044764867713,,False,False,2026-09-05T09:14:58+00:00,usdc,2026-09-05T09:29:15Z
eurc,EUR,EURC,EUR0,Uniswap V3 (Ethereum),uniswap_v3,39933,0.604883,2162.6576930547644,2156.159639409368,,True,False,2026-09-04T18:20:21+00:00,usual-eur,2026-09-05T09:29:15Z
eurc,EUR,EURC,USDC,Kanga Global,kanga,33855,0.180645,146465.59505590014,165274.05918801503,,False,False,2026-09-05T09:27:39+00:00,usdc,2026-09-05T09:29:15Z
eurc,EUR,EURC,USDC,DefiTuna,fusion-amm,33019,0.689837,85.59870507012766,85.34150996277968,,False,False,2026-09-05T09:24:34+00:00,usdc,2026-09-05T09:29:15Z
eurc,EUR,EURC,WSOL,Raydium (CLMM),raydium-clmm,31109,0.624381,453.0649433557347,451.703636702246,,False,False,2026-09-05T09:27:42+00:00,wrapped-sol-2,2026-09-05T09:29:15Z
eurc,EUR,EURC,KRW,Upbit,upbit,29317,0.755668,106471.20766794581,4051.414383563239,,False,True,2026-09-05T09:09:09+00:00,,2026-09-05T09:29:15Z
eurc,EUR,EURC,USDT,Uniswap V3 (Ethereum),uniswap_v3,26308,0.642877,274.4317686803868,273.60719419473753,,False,False,2026-09-05T09:11:44+00:00,tether,2026-09-05T09:29:15Z
eurc,EUR,EURC,USDC,Dexalot,dexalot,25102,0.068894,2751.4124092122865,791.458525818309,,True,False,2026-09-04T21:29:18+00:00,usdc,2026-09-05T09:29:15Z
eurc,EUR,EURC,USDC,Pancakeswap V3 (Solana),pancakeswap-v3-solana,21495,0.633362,205.49285545406974,204.8754190457216,,False,False,2026-09-05T09:23:43+00:00,usdc,2026-09-05T09:29:15Z
eurc,EUR,EURC,WETH,Aerodrome SlipStream,aerodrome-slipstream,21428,0.635298,413.43425362366884,412.1920237656943,,False,False,2026-09-05T09:19:47+00:00,l2-standard-bridged-weth-base,2026-09-05T09:29:15Z
eurc,EUR,EURC,WETH,PancakeSwap V3 (Base),pancakeswap-v3-base,17909.84,0.60973,671.3454936682232,669.3283279158894,,False,False,2026-09-05T09:24:40+00:00,l2-standard-bridged-weth-base,2026-09-05T09:29:15Z
eurc,EUR,EURC,USDC,Bybit EU,bybit-eu,17873.07,0.034435,227682.70503554578,205523.8303635118,,False,False,2026-09-05T07:17:00+00:00,usdc,2026-09-05T09:29:15Z
eurc,EUR,EURC,EUR,CEX.IO,cex,17856.67,0.019999,8822007.708830688,180121.89780318073,,False,False,2026-09-05T09:24:37+00:00,,2026-09-05T09:29:15Z
eurc,EUR,EURC,USDT,Uniswap V4 (Ethereum),uniswap-v4-ethereum,16782.02,0.610858,595.3277903521342,593.5390320429822,,False,False,2026-09-05T09:08:26+00:00,tether,2026-09-05T09:29:15Z
eurc,EUR,EURC,ETH,Uniswap V4 (Ethereum),uniswap-v4-ethereum,15327.14,0.603497,10165.742057750464,10135.197447085233,,False,True,2026-09-05T09:08:26+00:00,ethereum,2026-09-05T09:29:15Z
eurc,EUR,EURC,USDC,Uniswap V4 (Ethereum),uniswap-v4-ethereum,14456.2,0.604573,16926.068935625357,16875.211833134017,,False,False,2026-09-05T08:40:50+00:00,usdc,2026-09-05T09:29:15Z
eurc,EUR,EURC,USDC,Quickswap V4 (Base),quickswap-v4-base,13162.24,0.607619,1551.69167264513,1547.0293648918764,,False,False,2026-09-05T09:11:44+00:00,usdc,2026-09-05T09:29:15Z
usdc,EUR,USDC,EURC,Raydium (CLMM),raydium-clmm,12417.57,0.611308,500.26126560501285,498.75814999358033,,False,False,2026-09-05T09:23:39+00:00,eurc,2026-09-05T09:29:15Z
eurc,EUR,EURC,USDC,Supernova (CL),supernova-cl,11432.45,0.636128,250.879546458525,250.12573842100912,,False,False,2026-09-05T08:09:15+00:00,usdc,2026-09-05T09:29:15Z
ethereum,EUR,ETH,EURC,Kraken,kraken,11053.03,0.133057,92336.46112981615,54974.97203988909,,False,False,2026-09-05T05:14:59+00:00,eurc,2026-09-05T09:29:15Z
eurc,EUR,EURC,USDT,HTX,huobi,10570.81,0.720226,196.15221274354988,93.03909520739376,,False,False,2026-09-05T09:27:35+00:00,tether,2026-09-05T09:29:15Z
eurc,EUR,EURC,EUR,Bybit EU,bybit-eu,10396.51,0.039992,130133.75838704807,201704.91521201355,,False,False,2026-09-05T08:44:28+00:00,,2026-09-05T09:29:15Z
eurc,EUR,EURC,VCNT,Uniswap V3 (Base),uniswap-v3-base,10381.27,0.635022,1211.3046580734754,1207.665097973716,,False,True,2026-09-05T09:27:49+00:00,vicicoin,2026-09-05T09:29:15Z
eurc,EUR,EURC,WETH,Hydrex Integral,hydrex-integral,8643.03,0.642882,112.53856727030089,112.2004270044387,,False,False,2026-09-05T09:14:05+00:00,l2-standard-bridged-weth-base,2026-09-05T09:29:15Z
solana,EUR,SOL,EURC,Kraken,kraken,8523.87,0.169453,54203.46454873979,72448.23912193968,,False,True,2026-09-05T05:18:08+00:00,eurc,2026-09-05T09:29:15Z
eurc,EUR,EURC,USDC,CEX.IO,cex,7987.93,0.051653,573957.8777588673,472734.4651317964,,False,False,2026-09-05T09:09:36+00:00,usdc,2026-09-05T09:29:15Z
eurc,EUR,EURC,ZCHF,Uniswap V4 (Ethereum),uniswap-v4-ethereum,7263.48,0.621455,429.77596400710223,428.48463284610125,,False,False,2026-09-05T08:38:21+00:00,frankencoin,2026-09-05T09:29:15Z
eurc,EUR,EURC,USDT,De¹,openocean_finance,7099.48,,,,,False,False,2026-09-05T08:35:19+00:00,tether,2026-09-05T09:29:15Z
eura,EUR,EURA,EURC,Curve (Ethereum),curve_ethereum,6584.41,0.603975,5395.264208639617,5379.053267642613,,False,False,2026-09-05T09:19:01+00:00,eurc,2026-09-05T09:29:15Z
eurc,EUR,EURC,USDC,Uniswap V4 (Ethereum),uniswap-v4-ethereum,6508.43,0.610002,6625.767395841921,6605.85920966971,,False,False,2026-09-05T09:08:26+00:00,usdc,2026-09-05T09:29:15Z
eurc,EUR,EURC,USDC,Treble V4,treble-v4,6333.23,0.611128,697.0558692875655,694.9614525673351,,False,False,2026-09-05T09:26:05+00:00,usdc,2026-09-05T09:29:15Z
eurc,EUR,EURC,KRW,Bithumb,bithumb,5750.3,2.026599,1626.025947299215,39517.27382099265,,False,True,2026-09-05T08:03:31+00:00,,2026-09-05T09:29:15Z
eurc,EUR,EURC,USDT,XBO.com,xbo_com,4905.01,0.172132,28034295.33782813,27967604.10712495,,False,False,2026-09-05T09:23:34+00:00,tether,2026-09-05T09:29:15Z
eurc,EUR,EURC,USDC,De¹,openocean_finance,4746.95,,,,,True,False,2026-09-04T13:34:47+00:00,usdc,2026-09-05T09:29:15Z
eurc,EUR,EURC,USDC,Balancer V3 (Base),balancer-v3-base,4401.25,0.640043,197.47356975164976,196.8802285798522,,False,False,2026-09-05T09:11:43+00:00,usdc,2026-09-05T09:29:15Z
eurc,EUR,EURC,USDT,CoinEx,coinex,3987.56,0.514139,266.59439184988025,362.0758332801556,,False,True,2026-09-05T09:25:20+00:00,tether,2026-09-05T09:29:15Z
eurc,EUR,EURC,EUR,Bitstamp by Robinhood,bitstamp,3684.22,0.260547,123945.2805906879,34577.040892884106,,False,False,2026-09-05T09:14:49+00:00,,2026-09-05T09:29:15Z
eurc,EUR,EURC,USDT,CEX.IO,cex,3659.51,0.43837,541311.3059044454,69445.92251829375,,False,False,2026-09-05T09:10:19+00:00,tether,2026-09-05T09:29:15Z
eurc,EUR,EURC,WSOL,Meteora,meteora,3458.51,0.688169,90.73388715171463,90.46126256204396,,False,False,2026-09-05T09:23:44+00:00,wrapped-sol-2,2026-09-05T09:29:15Z
eurc,EUR,EURC,WSOL,Orca,orca,2396.39,0.608414,1092.1272773547973,1088.8458049060403,,False,False,2026-09-05T02:42:58+00:00,wrapped-sol-2,2026-09-05T09:29:15Z
eurc,EUR,EURC,MAMO,Aerodrome SlipStream,aerodrome-slipstream,2154.83,0.612963,781.5831273928711,779.234734900409,,False,False,2026-09-05T09:24:36+00:00,mamo,2026-09-05T09:29:15Z
eurc,EUR,EURC,USDC,Blackhole V2,blackhole-v2,1697.49,0.607725,2511.574298742915,2504.0278689125994,,False,False,2026-09-05T07:09:45+00:00,usdc,2026-09-05T09:29:15Z
eurc,EUR,EURC,USDC,Uniswap V4 (Base),uniswap-v4-base,1608.8,0.611896,1002.6589189006223,999.6462685565688,,False,False,2026-09-05T09:04:39+00:00,usdc,2026-09-05T09:29:15Z
eurc,EUR,EURC,USDC,Uniswap V4 (Base),uniswap-v4-base,1526.17,0.623716,379.31494622449003,378.17523332541083,,False,False,2026-09-05T09:21:19+00:00,usdc,2026-09-05T09:29:15Z
eurc,EUR,EURC,EUR,XBO.com,xbo_com,1423.6,0.257534,28072084.828635473,27982930.443770837,,False,False,2026-09-05T09:26:56+00:00,,2026-09-05T09:29:15Z
eurc,EUR,EURC,EURQ,Curve (Ethereum),curve_ethereum,1423.58,0.712603,247.51322278914924,246.76952941372792,,True,True,2026-09-04T18:11:08+00:00,quantoz-eurq,2026-09-05T09:29:15Z
eurc,EUR,EURC,JPYC,Uniswap V4 (Avalanche),uniswap-v4-avalanche,1372.26,0.759774,63.536283190698114,63.34537818620844,,False,True,2026-09-05T09:26:44+00:00,jpycoin,2026-09-05T09:29:15Z
eurc,EUR,EURC,USDC,DefiTuna,fusion-amm,1220.6,0.683871,53.01416188310962,52.85487228818738,,False,False,2026-09-05T05:13:29+00:00,usdc,2026-09-05T09:29:15Z
eurc,EUR,EURC,USD+,Aerodrome SlipStream,aerodrome-slipstream,982.32,0.758611,83.79487386757616,83.54309866184231,,False,False,2026-09-05T09:09:02+00:00,overnight-fi-usd-base,2026-09-05T09:29:15Z
eurc,EUR,EURC,USDT,Upbit,upbit,929.58,23.604573,0.0,0.0,,False,True,2026-09-05T05:39:54+00:00,tether,2026-09-05T09:29:15Z
eurc,EUR,EURC,USDC,Blackhole V3,blackhole-v3,917.67,1.476687,23.938220953429397,23.866294709886425,,False,False,2026-09-05T07:10:22+00:00,usdc,2026-09-05T09:29:15Z
eurc,EUR,EURC,USDC,LFJ V2.2 (Avalanche),traderjoe-v2-2-avalanche,875.34,0.638981,189.45931971374068,188.89005864802797,,False,False,2026-09-05T09:17:10+00:00,usdc,2026-09-05T09:29:15Z
tytan,EUR,TYTAN,EURC,Orca,orca,824.97,0.908211,26.783401495706162,26.702926448598983,,False,True,2026-09-05T09:00:47+00:00,eurc,2026-09-05T09:29:15Z
ladybug,EUR,LADYBUG,EURC,Orca,orca,737.34,0.911742,26.481490336507434,26.40192243014422,,False,False,2026-09-05T09:25:22+00:00,eurc,2026-09-05T09:29:15Z
eurc,EUR,EURC,USDC,Uniswap V4 (Ethereum),uniswap-v4-ethereum,579.37,1.31172,85.92269490978158,85.66452632273527,,True,False,2026-09-02T09:07:27+00:00,usdc,2026-09-05T09:29:15Z
bitcoin,EUR,BTC,EURC,Bitstamp by Robinhood,bitstamp,578.36,0.285968,19798.529735811022,7667.12328058632,,True,False,2026-09-04T17:46:14+00:00,eurc,2026-09-05T09:29:15Z
eurc,EUR,EURC,CBBTC,Hydrex Integral,hydrex-integral,212.57,1.416099,20.148763034519163,20.088222828129982,,True,True,2026-09-02T06:37:51+00:00,coinbase-wrapped-btc,2026-09-05T09:29:15Z
eurc,EUR,EURC,ETH,Uniswap V4 (Base),uniswap-v4-base,211.66,0.641659,268.4680713249329,267.661415729298,,False,False,2026-09-05T09:10:31+00:00,ethereum,2026-09-05T09:29:15Z
eurc,EUR,EURC,WETH,PancakeSwap V3 (Base),pancakeswap-v3-base,196.33,0.729156,57.88760175961636,57.71366912901776,,False,False,2026-09-05T09:20:25+00:00,l2-standard-bridged-weth-base,2026-09-05T09:29:15Z
project-dogcat-dcat,EUR,DCAT,EURC,Aerodrome (Base),aerodrome-base,172.03,0.613355,758.5979571072729,756.3186272639965,,False,False,2026-09-05T06:49:39+00:00,eurc,2026-09-05T09:29:15Z
eurc,EUR,EURC,JPYC,Uniswap V4 (Ethereum),uniswap-v4-ethereum,162.09,0.619406,408.8939339888834,407.6653462531221,,False,True,2026-09-05T06:32:05+00:00,jpycoin,2026-09-05T09:29:15Z
eurc,EUR,EURC,WETH,Aerodrome (Base),aerodrome-base,109.73,0.648791,175.21912253636472,174.6926484385003,,False,True,2026-09-05T09:08:23+00:00,l2-standard-bridged-weth-base,2026-09-05T09:29:15Z
lifinity,EUR,LFNTY,EURC,Orca,orca,99.62,1.216961,30.36042258444459,30.26919980088333,,True,False,2026-09-04T23:36:13+00:00,eurc,2026-09-05T09:29:15Z
eurc,EUR,EURC,USDC,Meteora DAMM V2,meteora-damm-v2,74.11,0.809361,41.019975402123265,40.89672427386943,,False,False,2026-09-05T09:24:33+00:00,usdc,2026-09-05T09:29:15Z
eurc,EUR,EURC,BTC,Upbit,upbit,72.7,52.762923,0.0,0.0,,False,True,2026-09-05T08:36:45+00:00,bitcoin,2026-09-05T09:29:15Z
eurc,EUR,EURC,WSOL,Meteora,meteora,60.73,1.002511,45.51896446934324,45.38219540322863,,True,False,2026-09-04T14:49:05+00:00,wrapped-sol-2,2026-09-05T09:29:15Z
eurc,EUR,EURC,USDC,Aerodrome (Base),aerodrome-base,25.18,0.818063,37.53532966666784,37.42254871822883,,False,False,2026-09-05T09:08:23+00:00,usdc,2026-09-05T09:29:15Z
monerium-eur-money,EUR,EURE,EURC,Uniswap V3 (Ethereum),uniswap_v3,24.24,0.617376,299.1891357629557,298.2901737771773,,True,False,2026-09-03T17:46:27+00:00,eurc,2026-09-05T09:29:15Z
eurc,EUR,EURC,EURS,Curve (Ethereum),curve_ethereum,20.61,0.712603,247.51322278914924,246.76952941372792,,False,False,2026-09-05T07:01:03+00:00,stasis-eurs,2026-09-05T09:29:15Z
eurc,EUR,EURC,HOLLAR,Hydration,hydradx,19.26,,,,,False,False,2026-09-05T06:36:46+00:00,hydrated-dollar,2026-09-05T09:29:15Z
eurc,EUR,EURC,USDC,Uniswap V3 (Base),uniswap-v3-base,16.13,0.673703,132.2996744183178,131.90215872066508,,True,False,2026-09-04T17:12:04+00:00,usdc,2026-09-05T09:29:15Z
eurc,EUR,EURC,ZIK,Uniswap V4 (Ethereum),uniswap-v4-ethereum,14.84,0.993474,212.0273223100656,211.3902520427343,,True,True,2026-09-04T16:03:23+00:00,zik-coin,2026-09-05T09:29:15Z
eurc,EUR,EURC,USDC,Uniswap V4 (Base),uniswap-v4-base,11.98,0.609162,2245.4358181078073,2238.689044242384,,True,False,2026-09-05T00:35:48+00:00,usdc,2026-09-05T09:29:15Z
eurc,EUR,EURC,SUSDE,Uniswap V2 (Ethereum),uniswap_v2,9.95,0.623989,379.3923790959892,378.25243353736596,,True,True,2026-09-04T17:57:15+00:00,ethena-staked-usde,2026-09-05T09:29:15Z
eurc,EUR,EURC,SUSDS,Uniswap V2 (Ethereum),uniswap_v2,6.48,0.62418,365.7364413825702,364.6375272900568,,True,True,2026-09-04T11:23:53+00:00,susds,2026-09-05T09:29:15Z
bitcoin,EUR,BTC,EURCV,Bullish,bullish_com,22796018,0.010146,330609.6500162667,523694.7799042879,,False,False,2026-09-05T09:27:43+00:00,eur-coinvertible,2026-09-05T09:29:15Z
eur-coinvertible,EUR,EURCV,USDC,Bullish,bullish_com,8644077,0.018615,578293.3367990961,293932.01769720606,,False,False,2026-09-05T09:27:43+00:00,usdc,2026-09-05T09:29:15Z
eurc,EUR,EURC,EURCV,Uniswap V3 (Ethereum),uniswap_v3,100596,0.602775,117189.09720779197,116836.98367509685,,False,False,2026-09-05T09:08:11+00:00,eur-coinvertible,2026-09-05T09:29:15Z
eur-coinvertible,EUR,EURCV,USDC,Uniswap V3 (Ethereum),uniswap_v3,74130,0.602813,68377.51503122399,68172.06376529379,,False,False,2026-09-05T09:23:44+00:00,usdc,2026-09-05T09:29:15Z
eur-coinvertible,EUR,EURCV,EUR,Bitstamp by Robinhood,bitstamp,10449.93,0.03,277941.88711078593,261107.97802980157,,False,False,2026-09-05T03:54:02+00:00,,2026-09-05T09:29:15Z
eur-coinvertible,EUR,EURCV,USDC,Bitstamp by Robinhood,bitstamp,5113.03,0.094697,156479.95905601076,135930.77932482684,,True,False,2026-09-04T12:30:48+00:00,usdc,2026-09-05T09:29:15Z
brazilian-digital-token,BRL,BRZ,BRLA,Uniswap V3 (Polygon),uniswap_v3_polygon_pos,13808.66,0.623277,268.8108877286388,268.0032020858592,,False,False,2026-09-05T09:25:22+00:00,brla-digital-brla,2026-09-05T09:29:15Z
usdc,BRL,USDC,BRZ,Uniswap V4 (Polygon),uniswap-v4-polygon,2829.65,3.774392,78.54260155178589,78.30660764485762,,True,False,2026-09-02T15:14:17+00:00,brazilian-digital-token,2026-09-05T09:29:15Z
etherfuse-tesouro,BRL,TESOURO,BRZ,Curve (Polygon),curve_polygon,311.09,0.607116,2898.019370747816,2889.3118044061835,,False,False,2026-09-05T07:44:09+00:00,brazilian-digital-token,2026-09-05T09:29:15Z
brazilian-digital-token,BRL,BRZ,USDT0,Uniswap V4 (Polygon),uniswap-v4-polygon,1.9,0.843909,510.2652691966906,508.7320949438854,,True,False,2026-09-04T21:47:58+00:00,usdt0,2026-09-05T09:29:15Z
eurite,EUR,EURI,USDT,Binance,binance,2212221,0.018615,325404.4980326815,327106.60090285935,,False,False,2026-09-05T09:27:41+00:00,tether,2026-09-05T09:29:15Z
whitebit,EUR,WBT,EURI,WhiteBIT,whitebit,2079214,0.050694,94054.38076366804,104338.12983557144,,False,True,2026-09-05T09:27:38+00:00,eurite,2026-09-05T09:29:15Z
eurite,EUR,EUR,EURI,Binance,binance,656237,0.019998,1596010.1499106348,381595.93854006706,,False,False,2026-09-05T09:22:06+00:00,eurite,2026-09-05T09:29:15Z
eurite,EUR,EURI,USDT,WhiteBIT,whitebit,282285,0.02584,295815.0864971306,303834.64147797914,,False,False,2026-09-05T09:27:38+00:00,tether,2026-09-05T09:29:15Z
eurite,EUR,EURI,USDT,BingX,bingx,136847,0.060288,328684.8407292997,291079.0940273179,,False,False,2026-09-05T09:26:08+00:00,tether,2026-09-05T09:29:15Z
eurite,EUR,EURI,USDC,Binance,binance,41355,0.266323,6629.900659262452,8954.239268495636,,False,False,2026-09-05T09:18:07+00:00,usdc,2026-09-05T09:29:15Z
eurite,EUR,EURI,EUR,WhiteBIT,whitebit,14108.8,0.059976,62609.74436430787,144042.53206043926,,False,True,2026-09-05T09:19:42+00:00,,2026-09-05T09:29:15Z
eurite,EUR,EURI,USDC,WhiteBIT,whitebit,9857.96,0.043048,61540.92325993745,158392.5999630961,,False,False,2026-09-05T09:27:38+00:00,usdc,2026-09-05T09:29:15Z
eurite,EUR,EURI,USDT,MEXC,mxc,7822.53,0.018613,16831.043555840326,114527.0328550305,,False,False,2026-09-05T09:27:38+00:00,tether,2026-09-05T09:29:15Z
eurite,EUR,EURI,USDC,Uniswap V4 (Ethereum),uniswap-v4-ethereum,1963.23,0.610279,1028.722515288672,1025.6315526679853,,False,True,2026-09-05T07:37:09+00:00,usdc,2026-09-05T09:29:15Z
eurite,EUR,EURI,USDC,Pancakeswap Infinity CLMM (BSC),pancakeswap-infinity-clmm,49.43,0.750303,50.09434717530682,49.94383063432966,,False,False,2026-09-05T08:05:00+00:00,binance-bridged-usdc-bnb-smart-chain,2026-09-05T09:29:15Z
eurite,EUR,EURI,ETH,Uniswap V4 (Ethereum),uniswap-v4-ethereum,8.99,0.955508,50.160535066892244,50.00981965372575,,False,True,2026-09-05T07:37:09+00:00,ethereum,2026-09-05T09:29:15Z
eurite,EUR,EURI,USDC,PancakeSwap V3 (BSC),pancakeswap-v3-bsc,1.12,0.671565,59.964283722784714,59.7841113664799,,True,False,2026-09-02T23:55:53+00:00,binance-bridged-usdc-bnb-smart-chain,2026-09-05T09:29:15Z
monerium-eur-money,EUR,EURE,USDC.E,Oku Trade (Gnosis),oku-trade-gnosis,291794,0.603582,14617.67516133664,14573.75400003849,,False,False,2026-09-05T09:26:00+00:00,gnosis-xdai-bridged-usdc-gnosis-2,2026-09-05T09:29:15Z
monerium-eur-money,EUR,EURE,USDC.E,Curve (Gnosis),curve-gnosis,255893,0.603782,7389.296087051638,7367.093755850737,,False,False,2026-09-05T09:21:57+00:00,gnosis-xdai-bridged-usdc-gnosis-2,2026-09-05T09:29:15Z
eurc,EUR,EURC,EURE,Uniswap V3 (Ethereum),uniswap_v3,117382,0.613429,924.1310150692375,921.3543144704422,,False,False,2026-09-05T08:56:47+00:00,monerium-eur-money,2026-09-05T09:29:15Z
wrapped-aave-arbitrum-usdcn,EUR,WAARBUSDCN,EURE,Balancer V3 (Arbitrum),balancer-v3-arbitrum,48970,0.603835,5724.7734435523535,5707.572438944269,,False,True,2026-09-05T09:12:22+00:00,monerium-eur-money,2026-09-05T09:29:15Z
usdc,EUR,USDC,EURE,Quickswap (v3),quickswap_v3,29272,0.726649,75.47876483273022,75.25197671709527,,False,False,2026-09-05T09:09:06+00:00,monerium-eur-money,2026-09-05T09:29:15Z
monerium-eur-money,EUR,EURE,ZCHF,Oku Trade (Gnosis),oku-trade-gnosis,18323.13,0.61077,2021.9849122993078,2015.9095326992453,,False,False,2026-09-05T09:14:48+00:00,frankencoin,2026-09-05T09:29:15Z
noble-usdc,EUR,USDC.N,EURE,Astroport (Terra),astroport_v2,8403.54,0.603719,7992.221513474879,7968.207595642561,,False,True,2026-09-05T09:25:18+00:00,monerium-eur-money,2026-09-05T09:29:15Z
monerium-eur-money,EUR,EURE,USDC,Curve (Arbitrum),curve_arbitrum,7780.08,0.634204,249.95106822851443,249.20004995350538,,False,False,2026-09-05T09:25:14+00:00,usdc,2026-09-05T09:29:15Z
usdt0,EUR,USDT0,EURE,Quickswap (v3),quickswap_v3,7216.47,0.925239,27.681300602818236,27.598127673108134,,False,False,2026-09-05T09:01:27+00:00,monerium-eur-money,2026-09-05T09:29:15Z
terra,EUR,LUNA,EURE,Astroport (Terra),astroport_v2,2835.09,0.604744,3962.08491207408,3950.18018929296,,False,True,2026-09-05T09:25:18+00:00,monerium-eur-money,2026-09-05T09:29:15Z
frankencoin,EUR,ZCHF,EURE,Curve (Gnosis),curve-gnosis,2543.1,0.607044,1911.7094488973619,1905.9654097027915,,False,False,2026-09-05T09:25:14+00:00,monerium-eur-money,2026-09-05T09:29:15Z
monerium-gbp-emoney,EUR,GBPE,EURE,Oku Trade (Gnosis),oku-trade-gnosis,802.98,0.623476,681.5765595858036,679.528652946738,,True,False,2026-09-04T23:08:07+00:00,monerium-eur-money,2026-09-05T09:29:15Z
monerium-eur-money,EUR,EURE,EURC,Uniswap V3 (Ethereum),uniswap_v3,24.24,0.617376,299.1891357629557,298.2901737771773,,True,False,2026-09-03T17:46:27+00:00,eurc,2026-09-05T09:29:15Z
gnosis-xdai-bridged-usdc-gnosis-2,EUR,USDC.E,EURE,Oku Trade (Gnosis),oku-trade-gnosis,185084,0.608577,1120.9038971822047,1117.5359607405685,,False,False,2026-09-05T09:20:23+00:00,monerium-eur-money-old,2026-09-05T09:29:15Z
curve-fi-wxdai-usdc-usdt,EUR,X3CRV,EURE,Curve (Gnosis),curve-gnosis,178270,0.604526,4603.9067400691,4590.073560148188,,False,False,2026-09-05T09:25:14+00:00,monerium-eur-money-old,2026-09-05T09:29:15Z
monerium-eur-money-old,EUR,EURE,USDC,Uniswap V3 (Polygon),uniswap_v3_polygon_pos,56861,0.621771,403.6301518693883,402.41738001549317,,False,False,2026-09-05T09:00:47+00:00,usdc,2026-09-05T09:29:15Z
eura,EUR,EURA,EURE,Curve (Ethereum),curve_ethereum,26232,0.610935,840.8731697437394,838.3466307618577,,False,False,2026-09-05T08:20:10+00:00,monerium-eur-money-old,2026-09-05T09:29:15Z
frankencoin,EUR,ZCHF,EURE,Oku Trade (Gnosis),oku-trade-gnosis,19816.05,0.613193,582.0148877226727,580.2661301754258,,False,False,2026-09-05T09:17:09+00:00,monerium-eur-money-old,2026-09-05T09:29:15Z
monerium-eur-money-old,EUR,EURE,USDC,Ramses V3 (Polygon),ramses-v3-polygon,19528.2,-276.180833,166.88467445399127,166.38324254885015,,True,False,2026-09-04T12:51:44+00:00,usdc,2026-09-05T09:29:15Z
monerium-eur-money-old,EUR,EURE,USDC.E,Uniswap V3 (Polygon),uniswap_v3_polygon_pos,13730.9,0.612281,1008.5211626629875,1005.4908982625938,,False,False,2026-09-05T07:42:46+00:00,polygon-bridged-usdc-polygon-pos,2026-09-05T09:29:15Z
monerium-eur-money-old,EUR,EURE,USDC.E,Uniswap V3 (Polygon),uniswap_v3_polygon_pos,8414.02,0.643755,281.2169594667642,280.37199778166774,,False,False,2026-09-05T09:03:52+00:00,polygon-bridged-usdc-polygon-pos,2026-09-05T09:29:15Z
monerium-eur-money-old,EUR,EURE,XDAI,Sushiswap V3 (Gnosis),sushiswap-v3-gnosis,4972.11,0.71354,73.26889054636872,73.04874235424477,,False,False,2026-09-05T09:26:42+00:00,xdai,2026-09-05T09:29:15Z
gnosis-xdai-bridged-usdc-gnosis,EUR,USDC,EURE,Sushiswap V3 (Gnosis),sushiswap-v3-gnosis,2510.39,0.75625,54.24723161008252,54.084237058402614,,False,False,2026-09-05T09:25:14+00:00,monerium-eur-money-old,2026-09-05T09:29:15Z
monerium-eur-money-old,EUR,EURE,USDC,Uniswap V3 (Ethereum),uniswap_v3,370.97,0.977909,46.75024462948596,46.6097759836557,,False,True,2026-09-05T08:12:20+00:00,usdc,2026-09-05T09:29:15Z
monerium-eur-money-old,EUR,EURE,DAI,Uniswap V3 (Ethereum),uniswap_v3,15.42,0.779592,43.485617308340494,43.35495776153369,,False,False,2026-09-05T08:12:20+00:00,dai,2026-09-05T09:29:15Z
usdc,BRL,USDC,BRLA,Uniswap V3 (Polygon),uniswap_v3_polygon_pos,174280,0.60616,2100.2553532373263,2093.9447974807704,,False,False,2026-09-05T09:22:55+00:00,brla-digital-brla,2026-09-05T09:29:15Z
brla-digital-brla,BRL,BRLA,USDT0,Uniswap V4 (Polygon),uniswap-v4-polygon,14030.32,0.665995,164.97818390760577,164.48248036062537,,False,False,2026-09-05T09:20:25+00:00,usdt0,2026-09-05T09:29:15Z
brazilian-digital-token,BRL,BRZ,BRLA,Uniswap V3 (Polygon),uniswap_v3_polygon_pos,13808.66,0.623277,268.8108877286388,268.0032020858592,,False,False,2026-09-05T09:25:22+00:00,brla-digital-brla,2026-09-05T09:29:15Z
gnosis-xdai-bridged-usdc-gnosis-2,BRL,USDC.E,BRLA,Oku Trade (Gnosis),oku-trade-gnosis,10699.59,0.605773,2078.3693762273806,2072.124580416631,,False,False,2026-09-05T04:35:03+00:00,brla-digital-brla,2026-09-05T09:29:15Z
brla-digital-brla,BRL,BRLA,USDC.E,Curve (Gnosis),curve-gnosis,3385.81,0.609433,1133.9100154934647,1130.5030000728593,,True,False,2026-09-04T22:15:47+00:00,gnosis-xdai-bridged-usdc-gnosis-2,2026-09-05T09:29:15Z
usdc,BRL,USDC,BRLA,Uniswap V4 (Polygon),uniswap-v4-polygon,1084.68,0.694878,87.91909313321564,87.65492604590037,,False,False,2026-09-05T05:44:57+00:00,brla-digital-brla,2026-09-05T09:29:15Z
etherfuse-tesouro,BRL,TESOURO,BRLA,Uniswap V3 (Polygon),uniswap_v3_polygon_pos,118.8,1.293211,24.2141232063654,24.1413679700298,,True,False,2026-09-04T21:47:49+00:00,brla-digital-brla,2026-09-05T09:29:15Z
xsgd,SGD,XSGD,USDC,Aerodrome SlipStream,aerodrome-slipstream,204395,0.604583,9192.946467116148,9165.324777611417,,False,False,2026-09-05T09:24:36+00:00,usdc,2026-09-05T09:29:15Z
xsgd,SGD,XSGD,USDC.E,Uniswap V3 (Polygon),uniswap_v3_polygon_pos,89556,0.626828,3400.1296982551407,3389.913460497533,,False,False,2026-09-05T08:56:46+00:00,polygon-bridged-usdc-polygon-pos,2026-09-05T09:29:15Z
xsgd,SGD,XSGD,WETH,Aerodrome SlipStream,aerodrome-slipstream,80030,0.603827,4280.56565049096,4267.704000994205,,False,False,2026-09-05T09:25:18+00:00,l2-standard-bridged-weth-base,2026-09-05T09:29:15Z
xsgd,SGD,XSGD,USDT,Uniswap V4 (Ethereum),uniswap-v4-ethereum,79105,1.26926,275.9057919448455,275.07678851869497,,True,False,2026-08-31T10:25:34+00:00,tether,2026-09-05T09:29:15Z
usdc,SGD,USDC,XSGD,Uniswap V3 (Polygon),uniswap_v3_polygon_pos,16027.44,0.60882,726.4898880950292,724.3070321207157,,False,False,2026-09-05T09:13:08+00:00,xsgd,2026-09-05T09:29:15Z
xsgd,SGD,XSGD,USDC,Pharaoh DLMM,pharaoh-dlmm,13365.14,-243.53671,5419.350568410504,5403.067256063002,,True,False,2026-09-04T13:01:02+00:00,usdc,2026-09-05T09:29:15Z
xsgd,SGD,XSGD,USDC,Uniswap V3 (Ethereum),uniswap_v3,12172.2,0.611773,732.9686857801689,730.7663632138697,,False,False,2026-09-05T09:19:39+00:00,usdc,2026-09-05T09:29:15Z
xsgd,SGD,XSGD,USDC,Coinbase Exchange,gdax,6024.87,0.114083,61912.37934250138,145300.7511738933,,False,False,2026-09-05T07:58:10+00:00,usdc,2026-09-05T09:29:15Z
xsgd,SGD,XSGD,USDC,Pancakeswap Infinity CLMM (Base),pancakeswap-infinity-clmm-base,1875.69,1.119105,45.92239342133741,45.78441218790636,,False,False,2026-09-05T09:25:16+00:00,usdc,2026-09-05T09:29:15Z
onyc,SGD,ONYC,XSGD,Orca,orca,1155.23,0.723228,48.91870809864838,48.77172395478256,,False,False,2026-09-05T09:25:22+00:00,xsgd,2026-09-05T09:29:15Z
xsgd,SGD,XSGD,USDC,Uniswap V3 (Base),uniswap-v3-base,1090.42,0.670678,134.13299334875035,133.72996914885184,,False,False,2026-09-05T09:10:27+00:00,usdc,2026-09-05T09:29:15Z
blox-myrc,SGD,MYRC,XSGD,Orca,orca,943.34,0.685486,101.01909147838943,100.71556333440999,,False,False,2026-09-05T07:57:24+00:00,xsgd,2026-09-05T09:29:15Z
xsgd,SGD,XSGD,USDC,Meteora,meteora,687.37,0.886348,43.28253357296942,43.15248422398135,,False,False,2026-09-05T09:18:15+00:00,usdc,2026-09-05T09:29:15Z
xsgd,SGD,XSGD,USDC,Orca,orca,422.94,0.622315,279.3036035642208,278.4643908653543,,False,False,2026-09-05T07:28:24+00:00,usdc,2026-09-05T09:29:15Z
xsgd,SGD,XSGD,USDC,LFJ V2.2 (Avalanche),traderjoe-v2-2-avalanche,104.33,-200.540919,48.300759838489455,48.155632419780595,,False,False,2026-09-05T05:44:15+00:00,usdc,2026-09-05T09:29:15Z
usdc,SGD,USDC,XSGD,Uniswap V3 (Polygon),uniswap_v3_polygon_pos,6.98,0.619488,241.39770115181182,240.6723828469329,,True,False,2026-09-03T20:16:35+00:00,xsgd,2026-09-05T09:29:15Z
xsgd,SGD,XSGD,USDC,Uniswap V2 (Ethereum),uniswap_v2,1.44,0.787007,42.742780555829306,42.61435298178597,,True,False,2026-09-03T23:47:27+00:00,usdc,2026-09-05T09:29:15Z
jpy-coin,SGD,JPYC,XSGD,Uniswap V3 (Polygon),uniswap_v3_polygon_pos,1.029,1.002933,37.778933448304585,37.66542055303627,,False,True,2026-09-05T07:42:46+00:00,xsgd,2026-09-05T09:29:15Z
rupiah-token,IDR,IDRT,USDC,Uniswap V4 (BSC),uniswap-v4-bsc,16.79,0.826043,28.01001714589356,27.92585653434278,,False,False,2026-09-05T07:07:10+00:00,binance-bridged-usdc-bnb-smart-chain,2026-09-05T09:29:15Z
rupiah-token,IDR,IDRT,BSC-USD,Pancakeswap Infinity CLMM (BSC),pancakeswap-infinity-clmm,4.26,0.891435,22.757588343317718,22.689209500762267,,True,False,2026-09-04T11:04:59+00:00,binance-bridged-usdt-bnb-smart-chain,2026-09-05T09:29:15Z
stasis-eurs,EUR,EURS,USDC.E,Uniswap V3 (Polygon),uniswap_v3_polygon_pos,99.99,0.620531,1233.2051883544812,1229.499824581267,,True,False,2026-09-04T19:27:52+00:00,polygon-bridged-usdc-polygon-pos,2026-09-05T09:29:15Z
eura,EUR,EURA,EURS,Curve (Ethereum),curve_ethereum,54.31,0.703582,159.98373360229243,159.50303668632785,,False,False,2026-09-05T08:09:58+00:00,stasis-eurs,2026-09-05T09:29:15Z
stasis-eurs,EUR,EURS,USDC,Curve (Ethereum),curve_ethereum,46.27,0.602796,88614.37205292168,88348.11588801764,,False,False,2026-09-05T08:05:46+00:00,usdc,2026-09-05T09:29:15Z
eurc,EUR,EURC,EURS,Curve (Ethereum),curve_ethereum,20.61,0.712603,247.51322278914924,246.76952941372792,,False,False,2026-09-05T07:01:03+00:00,stasis-eurs,2026-09-05T09:29:15Z
stasis-eurs,EUR,EURS,USDC.E,Uniswap V3 (Polygon),uniswap_v3_polygon_pos,14.2,0.708511,71.4696777102332,71.25493554309703,,True,False,2026-09-04T08:56:08+00:00,polygon-bridged-usdc-polygon-pos,2026-09-05T09:29:15Z
parallel,EUR,PAR,EURS,Curve (Polygon),curve_polygon,5.7,0.691932,288.0275572871519,287.16213206307924,,True,False,2026-09-04T14:38:59+00:00,stasis-eurs,2026-09-05T09:29:15Z
quantoz-eurq,EUR,EURQ,USDT,OrangeX,orangex,2162448,0.018991,117086.99284088757,123135.60971954063,,False,False,2026-09-05T09:27:33+00:00,tether,2026-09-05T09:29:15Z
quantoz-eurq,EUR,EURQ,USDT,HTX,huobi,742749,8.554953,0.0,0.0,,False,False,2026-09-05T09:27:35+00:00,tether,2026-09-05T09:29:15Z
quantoz-eurq,EUR,EURQ,USDT,Websea,websea,443366,2.224905,546.1415373584315,515.2903880390892,,False,False,2026-09-05T09:27:39+00:00,tether,2026-09-05T09:29:15Z
quantoz-eurq,EUR,EURQ,USDT,BigONE,bigone,360112,0.097302,1970.090346551257,2000.9157613957018,,False,False,2026-09-05T09:27:36+00:00,tether,2026-09-05T09:29:15Z
quantoz-eurq,EUR,EURQ,USDT,Icrypex,icrypex,39140,2.442541,295.6239974708218,339.6912490767883,,False,False,2026-09-05T09:27:37+00:00,tether,2026-09-05T09:29:15Z
quantoz-eurq,EUR,EURQ,USDC,Ourbit,ourbit,13127.14,1.601559,117.48311270493215,39.12076358034388,,False,False,2026-09-05T09:26:12+00:00,usdc,2026-09-05T09:29:15Z
quantoz-eurq,EUR,EURQ,USDT,Ourbit,ourbit,13013.64,0.638678,1070.7603155412837,103.336141939147,,False,False,2026-09-05T09:26:12+00:00,tether,2026-09-05T09:29:15Z
bitcoin,EUR,BTC,EURQ,Kanga Global,kanga,12444.79,2.083664,49396.013726662575,44663.04213415955,,False,False,2026-09-05T09:22:02+00:00,quantoz-eurq,2026-09-05T09:29:15Z
quantoz-eurq,EUR,EURQ,USDT,Uniswap V3 (Ethereum),uniswap_v3,7944.82,0.612037,1242.2463147106885,1238.5137854159652,,True,False,2026-09-04T18:11:38+00:00,tether,2026-09-05T09:29:15Z
quantoz-eurq,EUR,EURQ,USDT,bitcastle,bitcastle,7447.19,0.343672,9681.946544953973,1642.5360892974602,,False,False,2026-09-05T09:27:50+00:00,tether,2026-09-05T09:29:15Z
quantoz-eurq,EUR,EURQ,USDT,BTSE,btse,4808.63,0.339692,326.010911123276,281.52832425281696,,False,False,2026-09-05T09:27:33+00:00,tether,2026-09-05T09:29:15Z
eurc,EUR,EURC,EURQ,Curve (Ethereum),curve_ethereum,1423.58,0.712603,247.51322278914924,246.76952941372792,,True,True,2026-09-04T18:11:08+00:00,quantoz-eurq,2026-09-05T09:29:15Z
quantoz-eurq,EUR,EURQ,USD,Kraken,kraken,661.09,2.028485,3343.3520249000003,1143.8653563,,False,False,2026-09-05T06:30:41+00:00,,2026-09-05T09:29:15Z
quantoz-eurq,EUR,EURQ,USDT,LATOKEN,latoken,634.54,0.562331,0.0007144305773220058,310.13306071742204,,False,True,2026-09-05T09:26:56+00:00,tether,2026-09-05T09:29:15Z
quantoz-eurq,EUR,EURQ,USD,Bitfinex,bitfinex,392.59,12.692308,0.0,0.0,,True,False,2026-09-04T10:40:42+00:00,,2026-09-05T09:29:15Z
quantoz-eurq,EUR,EURQ,USDT,Bitfinex,bitfinex,385.7,1.028278,123385.2408387212,22462.914524969285,,True,False,2026-09-05T00:05:53+00:00,tether,2026-09-05T09:29:15Z
quantoz-eurq,EUR,EURQ,EUR,Bitfinex,bitfinex,362.25,0.39039,371342.79765572544,247647.29631548078,,False,False,2026-09-05T03:02:25+00:00,,2026-09-05T09:29:15Z
quantoz-eurq,EUR,EURQ,EUR,Kraken,kraken,95.52,1.535509,2689.25818240944,24051.45737535278,,True,False,2026-09-04T20:08:05+00:00,,2026-09-05T09:29:15Z
quantoz-eurq,EUR,EURQ,EUR,Bit2Me,bit2me,93.61,1.868876,2572.9991672253,24563.481178687158,,True,False,2026-09-04T20:08:07+00:00,,2026-09-05T09:29:15Z
quantoz-eurq,EUR,EURQ,EUR,Niza.io,niza-global,42.14,1.737549,1286.4992992114096,12277.76360045527,,False,False,2026-09-05T05:17:15+00:00,,2026-09-05T09:29:15Z
zarp-stablecoin,ZAR,ZARP,USDC,Aerodrome SlipStream,aerodrome-slipstream,8846.47,0.608716,1460.084470861569,1455.69741171257,,False,False,2026-09-05T07:55:29+00:00,usdc,2026-09-05T09:29:15Z
zarp-stablecoin,ZAR,ZARP,USDC,Orca,orca,1581.37,0.628187,495.637963836562,494.1487396805395,,True,False,2026-09-01T09:23:14+00:00,usdc,2026-09-05T09:29:15Z
zarp-stablecoin,ZAR,ZARP,USDC,Orca,orca,415.97,0.603942,3451.1643745251063,3440.7947948561814,,True,False,2026-09-02T07:18:21+00:00,usdc,2026-09-05T09:29:15Z
zarp-stablecoin,ZAR,ZARP,ETH,Uniswap V4 (Ethereum),uniswap-v4-ethereum,401.9,0.61084,1002.1158796609845,999.104860965861,,True,False,2026-09-04T21:36:29+00:00,ethereum,2026-09-05T09:29:15Z
zarp-stablecoin,ZAR,ZARP,USDC,Uniswap V3 (Ethereum),uniswap_v3,401.73,0.617641,483.4960799111021,482.04333800252783,,False,False,2026-09-05T05:33:03+00:00,usdc,2026-09-05T09:29:15Z
zarp-stablecoin,ZAR,ZARP,USDC,Uniswap V4 (Base),uniswap-v4-base,213.51,0.716037,84.87881770659666,84.62378561687368,,False,False,2026-09-05T06:38:26+00:00,usdc,2026-09-05T09:29:15Z
zarp-stablecoin,ZAR,ZARP,USDC,Uniswap V4 (Polygon),uniswap-v4-polygon,82.6,0.609159,704.1077978187171,701.9921924424889,,True,False,2026-09-03T18:09:12+00:00,usdc,2026-09-05T09:29:15Z
usdc,ZAR,USDC,ZARP,Uniswap V4 (Ethereum),uniswap-v4-ethereum,74.63,0.625813,4916.436041268306,4901.663816684213,,True,False,2026-09-03T15:10:03+00:00,zarp-stablecoin,2026-09-05T09:29:15Z
compliant-naira,NGN,CNGN,BSC-USD,Uniswap V4 (BSC),uniswap-v4-bsc,725.65,0.62057,885.4502041382332,882.7897262709798,,False,False,2026-09-05T07:18:53+00:00,binance-bridged-usdt-bnb-smart-chain,2026-09-05T09:29:15Z
brl1,BRL,BRL1,BRL,OKX,okex,101730,0.019999,498002.905741568,321987.81382283516,,False,False,2026-09-05T09:13:19+00:00,,2026-09-05T09:29:15Z
brl1,BRL,BRL1,USD,Kraken,kraken,97870,0.128694,231946.81360371,226851.29950057,,False,False,2026-09-05T09:24:38+00:00,,2026-09-05T09:29:15Z
brl1,BRL,BRL1,BRL,Foxbit,foxbit,59505,0.019999,22348.181964184696,422544.4389188351,,True,False,2026-09-04T19:36:34+00:00,,2026-09-05T09:29:15Z
brl1,BRL,BRL1,BRL,Mercado Bitcoin,mercado_bitcoin,34152,0.019999,22353.04607538381,94998.39640673,,False,False,2026-09-05T05:59:36+00:00,,2026-09-05T09:29:15Z
brl1,BRL,BRL1,USDT,OKX,okex,31097,0.205867,164120.4524845105,137934.93791961725,,False,False,2026-09-05T09:18:14+00:00,tether,2026-09-05T09:29:15Z
brl1,BRL,BRL1,BRL,Bitso,bitso,25614,0.019999,22349.748509708068,90521.21753012505,,True,False,2026-09-04T14:56:13+00:00,,2026-09-05T09:29:15Z
brl1,BRL,BRL1,USDT0,Uniswap V3 (Polygon),uniswap_v3_polygon_pos,2077.31,0.605824,2457.007842115176,2449.6253659995627,,False,False,2026-09-05T01:51:34+00:00,usdt0,2026-09-05T09:29:15Z
usdc,BRL,USDC,BRL1,Uniswap V4 (Polygon),uniswap-v4-polygon,1.32,0.890489,22.78361329950717,22.71515626077579,,True,False,2026-09-04T13:48:35+00:00,brl1,2026-09-05T09:29:15Z
parallel,EUR,PAR,USDC,Uniswap V2 (Ethereum),uniswap_v2,112.6,0.617683,542.3364454461093,540.7069081745939,,True,False,2026-09-04T19:32:11+00:00,usdc,2026-09-05T09:29:15Z
parallel,EUR,PAR,WETH,Balancer V2,balancer,84.18,0.630374,294.76897390461943,293.8832930076463,,True,False,2026-09-04T19:22:28+00:00,weth,2026-09-05T09:29:15Z
parallel,EUR,PAR,USDC,Balancer V2,balancer,39.28,0.659064,144.97287511818146,144.53728074618695,,False,False,2026-09-05T02:32:33+00:00,usdc,2026-09-05T09:29:15Z
parallel,EUR,PAR,WETH,Uniswap V2 (Ethereum),uniswap_v2,27.09,0.675695,111.28922091138496,110.95483450804478,,True,False,2026-09-04T18:11:11+00:00,weth,2026-09-05T09:29:15Z
parallel,EUR,PAR,EURS,Curve (Polygon),curve_polygon,5.7,0.691932,288.0275572871519,287.16213206307924,,True,False,2026-09-04T14:38:59+00:00,stasis-eurs,2026-09-05T09:29:15Z
mxnb,MXN,MXNB,USDC,Aerodrome Slipstream 3,aerodrome-slipstream-3,84803,0.609878,2277.5889934328798,2270.7456101693056,,False,False,2026-09-05T06:42:22+00:00,usdc,2026-09-05T09:29:15Z
mxnb,MXN,MXNB,USDC,Uniswap V3 (Arbitrum One),uniswap_v3_arbitrum,81573,0.606805,2987.179402084583,2978.203940056771,,False,False,2026-09-05T02:40:06+00:00,usdc,2026-09-05T09:29:15Z
mxnb,MXN,MXNB,USD,Kraken,kraken,40903,0.067522,40021.818841839995,40781.196306570004,,False,False,2026-09-05T03:15:13+00:00,,2026-09-05T09:29:15Z
mxnb,MXN,MXNB,USDT0,Uniswap V3 (Polygon),uniswap_v3_polygon_pos,15467.69,0.632581,2922.487118908819,2913.7060352737917,,False,False,2026-09-05T06:51:04+00:00,usdt0,2026-09-05T09:29:15Z
mxnb,MXN,MXNB,USDT0,Uniswap V3 (Arbitrum One),uniswap_v3_arbitrum,314.42,0.60444,3362.3018366052056,3352.199258755535,,False,False,2026-09-05T01:35:39+00:00,usdt0,2026-09-05T09:29:15Z
brazilian-real,BRL,WBRL,USDC,Uniswap V4 (Ethereum),uniswap-v4-ethereum,5059.81,0.603711,5260.887667683973,5245.080482664911,,True,False,2026-09-04T19:12:34+00:00,usdc,2026-09-05T09:29:15Z
brazilian-real,BRL,WBRL,USDT,Uniswap V3 (Celo),uniswap_v3_celo,4197.36,0.612082,564.3040563958749,562.6085138962222,,True,True,2026-09-03T20:15:03+00:00,tether,2026-09-05T09:29:15Z
usdc,BRL,USDC,WBRL,Uniswap V4 (Celo),uniswap-v4-celo,1376.05,0.62246,410.51986780358175,409.28639468758405,,True,True,2026-09-03T20:15:08+00:00,brazilian-real,2026-09-05T09:29:15Z
brazilian-real,BRL,WBRL,USDC,Uniswap V4 (Ethereum),uniswap-v4-ethereum,439.96,0.61704,522.2141407158012,520.6450641524351,,True,False,2026-09-04T10:34:04+00:00,usdc,2026-09-05T09:29:15Z
usdc,BRL,USDC,WBRL,Uniswap V4 (World Chain),uniswap-v4-world-chain,340.61,0.609632,969.7233437536545,966.8096536541345,,False,False,2026-09-05T09:23:38+00:00,brazilian-real,2026-09-05T09:29:15Z
brazilian-real,BRL,WBRL,USDC,Uniswap V4 (Base),uniswap-v4-base,303.15,0.622047,441.9222255500772,440.59439898837053,,True,False,2026-09-03T17:07:47+00:00,usdc,2026-09-05T09:29:15Z
brazilian-real,BRL,WBRL,USDC,Uniswap V4 (Base),uniswap-v4-base,216.64,0.60349,6640.614671466579,6620.661874261467,,False,False,2026-09-05T03:34:58+00:00,usdc,2026-09-05T09:29:15Z
brazilian-real,BRL,WBRL,USDC,Uniswap V4 (Base),uniswap-v4-base,7.48,0.638143,230.52062969591108,229.8279933055359,,True,False,2026-09-04T12:40:44+00:00,usdc,2026-09-05T09:29:15Z
brazilian-real,BRL,WBRL,USDC,Uniswap V4 (Polygon),uniswap-v4-polygon,1.56,0.64666,128.86914101082584,128.48193290377603,,True,False,2026-09-04T17:12:51+00:00,usdc,2026-09-05T09:29:15Z
eura,EUR,EURA,EURE,Curve (Ethereum),curve_ethereum,26232,0.610935,840.8731697437394,838.3466307618577,,False,False,2026-09-05T08:20:10+00:00,monerium-eur-money-old,2026-09-05T09:29:15Z
eura,EUR,EURA,EURC,Curve (Ethereum),curve_ethereum,6584.54,0.603975,5395.264208639617,5379.053267642613,,False,False,2026-09-05T09:19:01+00:00,eurc,2026-09-05T09:29:15Z
eura,EUR,EURA,USDC,Uniswap V3 (Ethereum),uniswap_v3,5904.55,0.615413,733.5300720922976,731.3260627503316,,False,False,2026-09-05T09:19:39+00:00,usdc,2026-09-05T09:29:15Z
eura,EUR,EURA,USDC,Uniswap V3 (Ethereum),uniswap_v3,681.49,0.679888,143.10632280821778,142.67633679351488,,False,False,2026-09-05T09:08:58+00:00,usdc,2026-09-05T09:29:15Z
eura,EUR,EURA,EURT,Curve (Ethereum),curve_ethereum,137.32,0.703582,159.98373360229243,159.50303668632785,,False,False,2026-09-05T08:05:46+00:00,euro-tether,2026-09-05T09:29:15Z
eura,EUR,EURA,WETH,Uniswap V3 (Ethereum),uniswap_v3,109.46,0.665317,296.8649559046782,295.97297729192695,,False,False,2026-09-05T07:53:17+00:00,weth,2026-09-05T09:29:15Z
eura,EUR,EURA,EURS,Curve (Ethereum),curve_ethereum,54.31,0.703582,159.98373360229243,159.50303668632785,,False,False,2026-09-05T08:09:58+00:00,stasis-eurs,2026-09-05T09:29:15Z
eura,EUR,EURA,WETH,Uniswap V3 (Ethereum),uniswap_v3,47.7,0.660411,114.04495320576574,113.70228676054064,,False,False,2026-09-05T09:19:39+00:00,weth,2026-09-05T09:29:15Z
eura,EUR,EURA,BSC-USD,PancakeSwap V3 (BSC),pancakeswap-v3-bsc,3.61,2.227311,52.258366821006426,52.101348134177606,,False,False,2026-09-05T07:07:07+00:00,binance-bridged-usdt-bnb-smart-chain,2026-09-05T09:29:15Z
eura,EUR,EURA,USDC.E,SolidLizard,solidlizard,2.58,0.815752,37.942817243883354,37.8288119333342,,False,True,2026-09-05T06:50:14+00:00,arbitrum-bridged-usdc-arbitrum,2026-09-05T09:29:15Z
tether,EUR,USDT,EURM,Uniswap V3 (Celo),uniswap_v3_celo,1096.71,0.797198,52.140425940686555,51.983761626243975,,False,False,2026-09-05T09:13:08+00:00,mento-euro,2026-09-05T09:29:15Z
mento-euro,EUR,EURM,USDM,Uniswap V3 (Celo),uniswap_v3_celo,821.82,0.608327,979.6584550410931,976.7149132982336,,False,False,2026-09-05T09:14:57+00:00,celo-dollar,2026-09-05T09:29:15Z
mento-euro,EUR,EURM,CELO,Uniswap V3 (Celo),uniswap_v3_celo,121.63,0.769068,93.59044909828238,93.3092415077837,,False,False,2026-09-05T09:13:08+00:00,celo,2026-09-05T09:29:15Z
mento-euro,EUR,EURM,CELO,Ubeswap V2,ubeswap,98.74,0.896109,27.420130176377697,27.33774197531284,,False,False,2026-09-05T09:14:48+00:00,celo,2026-09-05T09:29:15Z
mento-euro,EUR,EURM,USDM,Sushiswap Celo,sushiswap_celo,76.84,0.610112,1120.660128888819,1117.2929248883142,,True,False,2026-09-04T21:59:34+00:00,celo-dollar,2026-09-05T09:29:15Z
mento-euro,EUR,EURM,BRLM,Uniswap V3 (Celo),uniswap_v3_celo,15.41,0.642668,228.73730026851376,228.05002217886454,,True,False,2026-09-04T21:33:32+00:00,mento-brazilian-real,2026-09-05T09:29:15Z
celo-dollar,EUR,USDM,EURM,Ubeswap V2,ubeswap,1.71,0.662507,142.60959161967207,142.18109811389505,,True,False,2026-09-02T05:56:27+00:00,mento-euro,2026-09-05T09:29:15Z
bilira,TRY,TRYB,USDT0,Oku Trade (Plasma),oku-trade-plasma,20854,0.612253,830.1085621306626,827.6143671475403,,True,False,2026-08-31T09:22:02+00:00,usdt0,2026-09-05T09:29:15Z
idrx,IDR,IDRX,USDC,Pancakeswap Infinity CLMM (Base),pancakeswap-infinity-clmm-base,4395.87,0.609774,982.111987277594,979.1610735016361,,False,False,2026-09-05T08:20:06+00:00,usdc,2026-09-05T09:29:15Z
idrx,IDR,IDRX,FRXUSD,Aerodrome Slipstream 3,aerodrome-slipstream-3,1273.42,0.607389,1592.1258638402574,1587.3420650418243,,False,True,2026-09-05T09:11:05+00:00,frax-usd,2026-09-05T09:29:15Z
idrx,IDR,IDRX,USDT0,Uniswap V3 (Polygon),uniswap_v3_polygon_pos,1167.68,0.617996,720.0294374823802,717.8659929733159,,False,False,2026-09-05T08:57:23+00:00,usdt0,2026-09-05T09:29:15Z
idrx,IDR,IDRX,USDC,Aerodrome SlipStream,aerodrome-slipstream,756.79,0.641698,251.0223627190324,250.26812556704078,,False,False,2026-09-05T08:20:01+00:00,usdc,2026-09-05T09:29:15Z
idrx,IDR,IDRX,BSC-USD,PancakeSwap V3 (BSC),pancakeswap-v3-bsc,133.59,0.624498,594.0790960214916,592.2940896157376,,False,False,2026-09-05T08:54:39+00:00,binance-bridged-usdt-bnb-smart-chain,2026-09-05T09:29:15Z
idrx,IDR,IDRX,USDC,Orca,orca,4.88,0.615593,481.6936590958618,480.2463328511656,,False,False,2026-09-05T09:02:39+00:00,usdc,2026-09-05T09:29:15Z
stablr-euro,EUR,EURR,USDT,Uniswap V4 (Ethereum),uniswap-v4-ethereum,34.22,0.628951,399.1413565118815,397.94207196720305,,True,False,2026-09-02T21:37:09+00:00,tether,2026-09-05T09:29:15Z
jarvis-synthetic-euro,EUR,JEUR,WETH,Quickswap,quickswap,260.91,0.615434,634.4690596372791,632.562695075237,,False,False,2026-09-05T09:16:27+00:00,polygon-pos-bridged-weth-polygon-pos,2026-09-05T09:29:15Z
jarvis-synthetic-euro,EUR,JEUR,EURT,Curve (Polygon),curve_polygon,33.62,0.691748,288.0275572871519,287.16213206307924,,False,False,2026-09-05T08:28:01+00:00,euro-tether,2026-09-05T09:29:15Z
newrails-euro,EUR,EURW,USDC,Uniswap V3 (Monad),uniswap-v3-monad,987535,0.604317,22080.0308619338,22013.687850049108,,False,False,2026-09-05T09:19:02+00:00,usdc,2026-09-05T09:29:15Z
eura,EUR,EURA,EURT,Curve (Ethereum),curve_ethereum,137.32,0.703582,159.98373360229243,159.50303668632785,,False,False,2026-09-05T08:05:46+00:00,euro-tether,2026-09-05T09:29:15Z
jarvis-synthetic-euro,EUR,JEUR,EURT,Curve (Polygon),curve_polygon,33.62,0.691748,288.0275572871519,287.16213206307924,,False,False,2026-09-05T08:28:01+00:00,euro-tether,2026-09-05T09:29:15Z
euro-tether,EUR,EURT,USDT,Uniswap V3 (Ethereum),uniswap_v3,30.18,0.620301,250.1557288691865,249.4040956582926,,True,False,2026-09-03T17:36:58+00:00,tether,2026-09-05T09:29:15Z
tether,BRL,USDT,BRLM,Uniswap V3 (Celo),uniswap_v3_celo,3313.32,0.618573,432.1316619089918,430.83325267392115,,False,False,2026-09-05T09:14:57+00:00,mento-brazilian-real,2026-09-05T09:29:15Z
mento-kenyan-shilling,BRL,KESM,BRLM,Uniswap V3 (Celo),uniswap_v3_celo,23.85,0.620946,414.53577213245654,413.2902325845646,,True,False,2026-09-04T17:03:19+00:00,mento-brazilian-real,2026-09-05T09:29:15Z
mento-euro,BRL,EURM,BRLM,Uniswap V3 (Celo),uniswap_v3_celo,15.41,0.642668,228.73730026851376,228.05002217886454,,True,False,2026-09-04T21:33:32+00:00,mento-brazilian-real,2026-09-05T09:29:15Z
mento-brazilian-real,BRL,BRLM,USDM,Uniswap V3 (Celo),uniswap_v3_celo,12.11,0.901858,33.465120410708906,33.36456906207117,,True,False,2026-09-04T21:33:32+00:00,celo-dollar,2026-09-05T09:29:15Z
mento-brazilian-real,BRL,BRLM,USDM,Ubeswap V2,ubeswap,2.54,0.630486,291.4036393119783,290.5280701052592,,True,False,2026-09-04T15:39:18+00:00,celo-dollar,2026-09-05T09:29:15Z
colombian-peso,COP,WCOP,USDC,Uniswap V4 (Base),uniswap-v4-base,1015.3,0.618711,663.3347726079535,661.3416763583224,,True,False,2026-09-02T15:52:18+00:00,usdc,2026-09-05T09:29:15Z
colombian-peso,COP,WCOP,USDC,Uniswap V4 (Ethereum),uniswap-v4-ethereum,499.2,0.607508,902.786083095534,900.0735167855205,,True,False,2026-09-04T18:37:02+00:00,usdc,2026-09-05T09:29:15Z
usdc,COP,USDC,WCOP,Uniswap V4 (World Chain),uniswap-v4-world-chain,341.35,0.617485,972.7785496246121,969.8556796665731,,False,False,2026-09-05T09:21:22+00:00,colombian-peso,2026-09-05T09:29:15Z
colombian-peso,COP,WCOP,USDC,Uniswap V4 (World Chain),uniswap-v4-world-chain,1.24,0.636151,241.92950744898073,241.2025912463582,,False,False,2026-09-05T05:43:19+00:00,usdc,2026-09-05T09:29:15Z
token-teknoloji-a-s-euro,EUR,EUROT,USDT,Bitlo,bitlo,2284.46,0.257732,3945.751195950961,1769.6757919878162,,False,False,2026-09-05T09:28:54+00:00,tether,2026-09-05T09:29:15Z
token-teknoloji-a-s-euro,EUR,EUROT,TRY,Bitlo,bitlo,1165.64,0.14273,9225.453789205047,4430.896466519552,,False,False,2026-09-05T09:26:56+00:00,,2026-09-05T09:29:15Z
argentine-peso,ARS,WARS,USDC,Uniswap V4 (Ethereum),uniswap-v4-ethereum,13369.33,0.603623,5616.466000097146,5599.590422661391,,False,False,2026-09-05T08:32:13+00:00,usdc,2026-09-05T09:29:15Z
argentine-peso,ARS,WARS,USDC,Uniswap V4 (Base),uniswap-v4-base,6017.75,1.09397,20.681845300862957,20.61970336287509,,False,False,2026-09-05T02:37:11+00:00,usdc,2026-09-05T09:29:15Z
argentine-peso,ARS,WARS,USDC,Uniswap V4 (Polygon),uniswap-v4-polygon,3478.13,0.645356,125.90602360071091,125.52771865755538,,False,False,2026-09-05T08:15:12+00:00,usdc,2026-09-05T09:29:15Z
argentine-peso,ARS,WARS,USDC,Uniswap V4 (Base),uniswap-v4-base,3409.93,0.6038,4862.100478886476,4847.491514258105,,False,False,2026-09-05T09:10:31+00:00,usdc,2026-09-05T09:29:15Z
argentine-peso,ARS,WARS,USDC,Uniswap V4 (World Chain),uniswap-v4-world-chain,1634.31,0.607378,1234.1567744664985,1230.448551499421,,False,False,2026-09-05T09:19:47+00:00,usdc,2026-09-05T09:29:15Z
argentine-peso,ARS,WARS,USDC,Uniswap V4 (Base),uniswap-v4-base,1138.33,0.603801,4794.886300817554,4780.479292021687,,False,False,2026-09-05T09:11:45+00:00,usdc,2026-09-05T09:29:15Z
argentine-peso,ARS,WARS,USDC,Uniswap V4 (BSC),uniswap-v4-bsc,1045.8,0.613362,491.56100558641396,490.0840313086337,,False,False,2026-09-05T07:49:07+00:00,binance-bridged-usdc-bnb-smart-chain,2026-09-05T09:29:15Z
argentine-peso,ARS,WARS,USDC,Uniswap V4 (Ethereum),uniswap-v4-ethereum,877.74,0.610117,709.2962596383186,707.1650646922066,,True,False,2026-09-04T23:02:57+00:00,usdc,2026-09-05T09:29:15Z
argentine-peso,ARS,WARS,USDC,Uniswap V4 (Celo),uniswap-v4-celo,399.99,0.621734,425.30163966478153,424.02375233249955,,False,False,2026-09-05T02:07:52+00:00,usdc,2026-09-05T09:29:15Z
argentine-peso,ARS,WARS,WLD,Uniswap V3 (World Chain),uniswap-v3-world-chain,247.54,0.895964,21.818539230315896,21.75298191218918,,False,True,2026-09-05T09:19:49+00:00,worldcoin,2026-09-05T09:29:15Z
real-mxn,MXN,MXNE,CETES,Orca,orca,70.42,0.606317,3233.8981936255136,3224.181425219023,,True,False,2026-09-02T13:10:57+00:00,etherfuse-cetes,2026-09-05T09:29:15Z
real-mxn,MXN,MXNE,USDC,Orca,orca,70.31,0.652833,198.2162199237627,197.62064733981256,,True,False,2026-09-02T13:10:57+00:00,usdc,2026-09-05T09:29:15Z
mento-kenyan-shilling,KES,KESM,USDT,Uniswap V3 (Celo),uniswap_v3_celo,154.63,0.729383,231.14185414736338,230.4473511879864,,False,False,2026-09-05T09:14:57+00:00,tether,2026-09-05T09:29:15Z
mento-kenyan-shilling,KES,KESM,BRLM,Uniswap V3 (Celo),uniswap_v3_celo,23.85,0.620946,414.53577213245654,413.2902325845646,,True,False,2026-09-04T17:03:19+00:00,mento-brazilian-real,2026-09-05T09:29:15Z
mexican-peso,MXN,WMXN,USDC,Uniswap V4 (Ethereum),uniswap-v4-ethereum,250.04,0.662583,157.27258800436204,156.8000371623658,,True,False,2026-09-04T23:16:13+00:00,usdc,2026-09-05T09:29:15Z
mexican-peso,MXN,WMXN,USDC,Uniswap V4 (World Chain),uniswap-v4-world-chain,225.85,0.624389,887.2033938094762,884.5376482012526,,False,False,2026-09-05T09:01:58+00:00,usdc,2026-09-05T09:29:15Z
mento-philippine-peso,PHP,PHPM,USDC,Uniswap V3 (Celo),uniswap_v3_celo,61.69,0.676578,210.97527770041697,210.3413684706982,,True,False,2026-09-04T08:56:14+00:00,usdc,2026-09-05T09:29:15Z
mento-philippine-peso,PHP,PHPM,USDT,Uniswap V3 (Celo),uniswap_v3_celo,25.54,0.611687,848.8696785938915,846.3191128121833,,True,False,2026-09-04T08:56:14+00:00,tether,2026-09-05T09:29:15Z
mento-south-african-rand,ZAR,ZARM,USDT,Uniswap V3 (Celo),uniswap_v3_celo,1.67,0.975139,21.03419134856358,20.970990730079464,,True,False,2026-09-03T12:59:07+00:00,tether,2026-09-05T09:29:15Z
real-usd,BRL,USDR,DAI,PearlFi V1.5,pearlfi-v1-5,443.04,0.606208,1565.642479612396,1560.9382544108282,,False,False,2026-09-05T06:44:57+00:00,polygon-pos-bridged-dai-polygon-pos,2026-09-05T09:29:15Z
real-usd,BRL,USDR,USDC.E,PearlFi V1.5,pearlfi-v1-5,82.81,0.625492,240.65136150279224,239.928285695694,,False,False,2026-09-05T09:17:25+00:00,polygon-bridged-usdc-polygon-pos,2026-09-05T09:29:15Z
real-usd,BRL,USDR,WPOL,PearlFi V1.5,pearlfi-v1-5,69.04,0.739366,59.26730762965795,59.089229450373026,,False,False,2026-09-05T06:48:40+00:00,wrapped-pol,2026-09-05T09:29:15Z
real-usd,BRL,USDR,USDT0,PearlFi V1.5,pearlfi-v1-5,17.3,0.667579,84.695463343656,84.44098217167202,,False,True,2026-09-05T06:44:57+00:00,usdt0,2026-09-05T09:29:15Z
real-usd,BRL,USDR,STAR,PearlFi V1.5,pearlfi-v1-5,9.44,0.792674,28.638191215619074,28.552143153818154,,False,False,2026-09-05T01:52:21+00:00,preon-star,2026-09-05T09:29:15Z
