date,snapshot_id,collected_utc,received_utc,exchange_timestamp_utc,exchange_timestamp_status,exchange_timestamp_encoding,venue,pair,corridor,stablecoin,base_asset,quote_asset,source_type,price_unit,quantity_unit,usd_conversion_assumption,source_url,source_params_json,off_ramp_action,raw_file,raw_sha256,threshold_bps,reference_mid,best_bid,best_ask,executable_stablecoin_usd,executable_stablecoin_units,quote_proceeds,book_covers_threshold,depth_is_lower_bound,levels_used
2026-10-04,20261004T230546713182Z_67b41bb9,2026-10-04T23:05:46.715440+00:00,2026-10-04T23:05:47.166548+00:00,2026-10-04T23:05:47.083000+00:00,provided,documented_exchange_clock,btcturk,USDTTRY,TRY,USDT,USDT,TRY,native_l2,TRY per USDT,USDT,1 stablecoin token = 1 USD; no FX conversion,https://api.btcturk.com/api/v2/orderbook,"{""limit"": 100, ""pairSymbol"": ""USDTTRY""}",sell_stablecoin_base_hit_bids,btcturk_usdttry_raw.json,6cc68cac1dc20c4c32da6aed5024222042614117c7cd8b2d2cbd996f8b3c242b,10,49.1215,49.121,49.122,140607.1,140607.1,6905439.08201,True,False,11
2026-10-04,20261004T230546713182Z_67b41bb9,2026-10-04T23:05:46.715440+00:00,2026-10-04T23:05:47.166548+00:00,2026-10-04T23:05:47.083000+00:00,provided,documented_exchange_clock,btcturk,USDTTRY,TRY,USDT,USDT,TRY,native_l2,TRY per USDT,USDT,1 stablecoin token = 1 USD; no FX conversion,https://api.btcturk.com/api/v2/orderbook,"{""limit"": 100, ""pairSymbol"": ""USDTTRY""}",sell_stablecoin_base_hit_bids,btcturk_usdttry_raw.json,6cc68cac1dc20c4c32da6aed5024222042614117c7cd8b2d2cbd996f8b3c242b,50,49.1215,49.121,49.122,247139.17999999993,247139.17999999993,12128442.261,True,False,55
2026-10-04,20261004T230546713182Z_67b41bb9,2026-10-04T23:05:46.715440+00:00,2026-10-04T23:05:47.166548+00:00,2026-10-04T23:05:47.083000+00:00,provided,documented_exchange_clock,btcturk,USDTTRY,TRY,USDT,USDT,TRY,native_l2,TRY per USDT,USDT,1 stablecoin token = 1 USD; no FX conversion,https://api.btcturk.com/api/v2/orderbook,"{""limit"": 100, ""pairSymbol"": ""USDTTRY""}",sell_stablecoin_base_hit_bids,btcturk_usdttry_raw.json,6cc68cac1dc20c4c32da6aed5024222042614117c7cd8b2d2cbd996f8b3c242b,100,49.1215,49.121,49.122,321451.72999999986,321451.72999999986,15747044.024849998,True,False,95
2026-10-04,20261004T230546713182Z_67b41bb9,2026-10-04T23:05:46.715440+00:00,2026-10-04T23:05:47.166548+00:00,2026-10-04T23:05:47.083000+00:00,provided,documented_exchange_clock,btcturk,USDTTRY,TRY,USDT,USDT,TRY,native_l2,TRY per USDT,USDT,1 stablecoin token = 1 USD; no FX conversion,https://api.btcturk.com/api/v2/orderbook,"{""limit"": 100, ""pairSymbol"": ""USDTTRY""}",sell_stablecoin_base_hit_bids,btcturk_usdttry_raw.json,6cc68cac1dc20c4c32da6aed5024222042614117c7cd8b2d2cbd996f8b3c242b,200,49.1215,49.121,49.122,324029.52999999985,324029.52999999985,15872309.572029999,False,True,100
2026-10-04,20261004T230546713182Z_67b41bb9,2026-10-04T23:05:47.363184+00:00,2026-10-04T23:05:48.275097+00:00,,unavailable,unavailable,indodax,usdtidr,IDR,USDT,USDT,IDR,native_l2,IDR per USDT,USDT,1 stablecoin token = 1 USD; no FX conversion,https://indodax.com/api/depth/usdtidr,{},sell_stablecoin_base_hit_bids,indodax_usdtidr_raw.json,82b0441134f74a1ae21c18e21314dfca2d9f426d7ac13b9c2ee3d74200b2c7f1,10,17832.5,17832.0,17833.0,803686.3525918099,803686.3525918099,14321365591.883059,True,False,16
2026-10-04,20261004T230546713182Z_67b41bb9,2026-10-04T23:05:47.363184+00:00,2026-10-04T23:05:48.275097+00:00,,unavailable,unavailable,indodax,usdtidr,IDR,USDT,USDT,IDR,native_l2,IDR per USDT,USDT,1 stablecoin token = 1 USD; no FX conversion,https://indodax.com/api/depth/usdtidr,{},sell_stablecoin_base_hit_bids,indodax_usdtidr_raw.json,82b0441134f74a1ae21c18e21314dfca2d9f426d7ac13b9c2ee3d74200b2c7f1,50,17832.5,17832.0,17833.0,901901.7200197197,901901.7200197197,16068460932.368505,True,False,41
2026-10-04,20261004T230546713182Z_67b41bb9,2026-10-04T23:05:47.363184+00:00,2026-10-04T23:05:48.275097+00:00,,unavailable,unavailable,indodax,usdtidr,IDR,USDT,USDT,IDR,native_l2,IDR per USDT,USDT,1 stablecoin token = 1 USD; no FX conversion,https://indodax.com/api/depth/usdtidr,{},sell_stablecoin_base_hit_bids,indodax_usdtidr_raw.json,82b0441134f74a1ae21c18e21314dfca2d9f426d7ac13b9c2ee3d74200b2c7f1,100,17832.5,17832.0,17833.0,2544400.7266863594,2544400.7266863594,45183782196.194275,True,False,74
2026-10-04,20261004T230546713182Z_67b41bb9,2026-10-04T23:05:47.363184+00:00,2026-10-04T23:05:48.275097+00:00,,unavailable,unavailable,indodax,usdtidr,IDR,USDT,USDT,IDR,native_l2,IDR per USDT,USDT,1 stablecoin token = 1 USD; no FX conversion,https://indodax.com/api/depth/usdtidr,{},sell_stablecoin_base_hit_bids,indodax_usdtidr_raw.json,82b0441134f74a1ae21c18e21314dfca2d9f426d7ac13b9c2ee3d74200b2c7f1,200,17832.5,17832.0,17833.0,2758931.3869505203,2758931.3869505203,48951110642.537605,True,False,144
2026-10-04,20261004T230546713182Z_67b41bb9,2026-10-04T23:05:48.276248+00:00,2026-10-04T23:05:48.535960+00:00,,unavailable,unavailable,valr,USDTZAR,ZAR,USDT,USDT,ZAR,native_l2,ZAR per USDT,USDT,1 stablecoin token = 1 USD; no FX conversion,https://api.valr.com/v1/public/USDTZAR/orderbook/full,{},sell_stablecoin_base_hit_bids,valr_usdtzar_raw.json,df968083d45918d172676312157fcb6531f2337b6b37b6d2f7130bdd5f0b93fb,10,16.716949999999997,16.7169,16.717,157538.01830000003,157538.01830000003,2631965.09825003,True,False,7
2026-10-04,20261004T230546713182Z_67b41bb9,2026-10-04T23:05:48.276248+00:00,2026-10-04T23:05:48.535960+00:00,,unavailable,unavailable,valr,USDTZAR,ZAR,USDT,USDT,ZAR,native_l2,ZAR per USDT,USDT,1 stablecoin token = 1 USD; no FX conversion,https://api.valr.com/v1/public/USDTZAR/orderbook/full,{},sell_stablecoin_base_hit_bids,valr_usdtzar_raw.json,df968083d45918d172676312157fcb6531f2337b6b37b6d2f7130bdd5f0b93fb,50,16.716949999999997,16.7169,16.717,1384659.6369,1384659.6369,23082980.554685038,True,False,27
2026-10-04,20261004T230546713182Z_67b41bb9,2026-10-04T23:05:48.276248+00:00,2026-10-04T23:05:48.535960+00:00,,unavailable,unavailable,valr,USDTZAR,ZAR,USDT,USDT,ZAR,native_l2,ZAR per USDT,USDT,1 stablecoin token = 1 USD; no FX conversion,https://api.valr.com/v1/public/USDTZAR/orderbook/full,{},sell_stablecoin_base_hit_bids,valr_usdtzar_raw.json,df968083d45918d172676312157fcb6531f2337b6b37b6d2f7130bdd5f0b93fb,100,16.716949999999997,16.7169,16.717,1404949.0189,1404949.0189,23420041.131547064,True,False,41
2026-10-04,20261004T230546713182Z_67b41bb9,2026-10-04T23:05:48.276248+00:00,2026-10-04T23:05:48.535960+00:00,,unavailable,unavailable,valr,USDTZAR,ZAR,USDT,USDT,ZAR,native_l2,ZAR per USDT,USDT,1 stablecoin token = 1 USD; no FX conversion,https://api.valr.com/v1/public/USDTZAR/orderbook/full,{},sell_stablecoin_base_hit_bids,valr_usdtzar_raw.json,df968083d45918d172676312157fcb6531f2337b6b37b6d2f7130bdd5f0b93fb,200,16.716949999999997,16.7169,16.717,1547680.109799999,1547680.109799999,25769647.35539143,True,False,74
2026-10-04,20261004T230546713182Z_67b41bb9,2026-10-04T23:05:48.538898+00:00,2026-10-04T23:05:49.386723+00:00,,unavailable,unavailable,bitkub,usdt_thb,THB,USDT,USDT,THB,native_l2,THB per USDT,USDT,1 stablecoin token = 1 USD; no FX conversion,https://api.bitkub.com/api/v3/market/depth,"{""lmt"": 1000, ""sym"": ""usdt_thb""}",sell_stablecoin_base_hit_bids,bitkub_usdt_thb_raw.json,c578f440254101e737dddbd7b0128b79057e47f3324154b22545bc0b254e0cca,10,33.515,33.51,33.52,363940.42,363940.42,12195193.152499998,True,False,3
2026-10-04,20261004T230546713182Z_67b41bb9,2026-10-04T23:05:48.538898+00:00,2026-10-04T23:05:49.386723+00:00,,unavailable,unavailable,bitkub,usdt_thb,THB,USDT,USDT,THB,native_l2,THB per USDT,USDT,1 stablecoin token = 1 USD; no FX conversion,https://api.bitkub.com/api/v3/market/depth,"{""lmt"": 1000, ""sym"": ""usdt_thb""}",sell_stablecoin_base_hit_bids,bitkub_usdt_thb_raw.json,c578f440254101e737dddbd7b0128b79057e47f3324154b22545bc0b254e0cca,50,33.515,33.51,33.52,441583.34,441583.34,14789638.6508,True,False,14
2026-10-04,20261004T230546713182Z_67b41bb9,2026-10-04T23:05:48.538898+00:00,2026-10-04T23:05:49.386723+00:00,,unavailable,unavailable,bitkub,usdt_thb,THB,USDT,USDT,THB,native_l2,THB per USDT,USDT,1 stablecoin token = 1 USD; no FX conversion,https://api.bitkub.com/api/v3/market/depth,"{""lmt"": 1000, ""sym"": ""usdt_thb""}",sell_stablecoin_base_hit_bids,bitkub_usdt_thb_raw.json,c578f440254101e737dddbd7b0128b79057e47f3324154b22545bc0b254e0cca,100,33.515,33.51,33.52,515042.88999999996,515042.88999999996,17231728.9646,True,False,21
2026-10-04,20261004T230546713182Z_67b41bb9,2026-10-04T23:05:48.538898+00:00,2026-10-04T23:05:49.386723+00:00,,unavailable,unavailable,bitkub,usdt_thb,THB,USDT,USDT,THB,native_l2,THB per USDT,USDT,1 stablecoin token = 1 USD; no FX conversion,https://api.bitkub.com/api/v3/market/depth,"{""lmt"": 1000, ""sym"": ""usdt_thb""}",sell_stablecoin_base_hit_bids,bitkub_usdt_thb_raw.json,c578f440254101e737dddbd7b0128b79057e47f3324154b22545bc0b254e0cca,200,33.515,33.51,33.52,738554.3599999998,738554.3599999998,24620611.611699995,True,False,44
