layer,corridor,asset,n_days,median,p10,p90,min,max
fiat,ARS,ALL_FRICTIONLESS,69,367378.77311844745,243150.5266959632,676384.7578254539,169445.76908453813,762814.774013649
fiat,ARS,USDC,45,7457.330583853077,1396.4852611152598,214124.4365305788,442.4053327348625,264907.0396733159
fiat,ARS,USDT,69,316303.62724674866,224131.2281159571,615656.606405946,169445.76908453813,747479.7523639183
fiat,BRL,ALL_FRICTIONLESS,69,12191816.138155485,8601851.926803466,17773577.19670659,4420174.28891661,21969087.227266796
fiat,BRL,USDC,69,3495477.783471737,2010270.9877161135,6417287.321239629,854415.0443662091,7924460.728495861
fiat,BRL,USDT,69,8679313.672194228,6267649.873401668,11383236.722920096,2779435.385612791,16115712.102460042
fiat,CLP,ALL_FRICTIONLESS,68,599880.4786838358,347912.7749710035,759760.5216395034,126597.88259714219,1015148.9947036128
fiat,CLP,USDC,68,319295.1054814812,257640.02631895486,462413.26238967123,57512.594473674144,586908.2159296281
fiat,CLP,USDT,62,290532.53462813795,229004.61006731325,364055.0094299743,69085.28812346805,554423.8609065945
fiat,COP,ALL_FRICTIONLESS,53,3477.5996967395017,265.5758791611368,8558.476031018305,0.0,139448.39422782965
fiat,COP,USDC,52,2276.2529537491964,13.63346350861674,8768.963955896988,0.0,69724.19711391482
fiat,COP,USDT,9,4845.813834775756,40.3006386569009,18631.267022494852,29.70513317571352,69724.19711391482
fiat,EUR,ALL_FRICTIONLESS,69,128462389.32652399,80726056.42000052,145113242.3022879,26868275.410599202,159601441.41703787
fiat,EUR,USDC,69,50230477.337207526,37895589.0107238,61407384.445065886,15605497.042872284,70124691.98305437
fiat,EUR,USDT,69,80958823.54764442,40372562.8720554,88755389.3108042,11262778.367726916,91371113.04062565
fiat,IDR,ALL_FRICTIONLESS,69,2512098.134612792,1503852.9485520928,3278032.5951745985,994208.2629703042,3906649.7411388066
fiat,IDR,USDC,68,331045.8501171128,270467.9989659713,379887.66755224793,43940.59605487367,427461.08830728964
fiat,IDR,USDT,69,2165495.1958151762,1353143.8770055838,2943805.6353972536,731734.5906344475,3543568.3936209134
fiat,INR,ALL_FRICTIONLESS,69,2828176.245170313,1644298.8498906097,3758417.3756363806,11751.799388396988,5321693.600404625
fiat,INR,USDC,69,22955.776639564607,15414.013183796038,35046.05890055109,2888.302356762651,51169.42993894294
fiat,INR,USDT,68,2808449.6714258012,1647418.8552477185,3744740.774034105,170728.63055644793,5304620.850931338
fiat,MXN,ALL_FRICTIONLESS,68,630924.2430892154,442265.08732619893,804750.7045117685,277612.78761983616,1408410.9732092952
fiat,MXN,USDC,68,107357.81628049255,92262.30563590476,130137.89193627381,79286.23608390105,177424.70673098104
fiat,MXN,USDT,68,523475.6400964656,327582.0187350845,689099.2535613038,171021.29180799343,1293205.6933658049
fiat,NGN,ALL_FRICTIONLESS,16,74130.89343319926,38970.82255368288,136755.27964218342,17187.238783305493,229021.91645645065
fiat,NGN,USDC,7,0.0,0.0,1161.4135696777435,0.0,1275.459929968409
fiat,NGN,USDT,16,74130.89343319926,38970.82255368288,136708.9787629506,17187.238783305493,229021.91645645065
fiat,PHP,ALL_FRICTIONLESS,68,8295818.64336605,4866154.78513862,11531938.855599556,3144439.30852366,11949532.326551434
fiat,PHP,USDC,68,4746806.083408209,1519226.0167012485,4905543.091291065,814588.9953947742,5148823.982458709
fiat,PHP,USDT,67,4688773.282437934,860169.1663916666,6741752.199501268,682384.5986050635,6948778.791081824
fiat,SGD,ALL_FRICTIONLESS,69,2126695.170928412,1672723.982504787,2504488.3059850475,1203653.7356369318,3004609.648936916
fiat,SGD,USDC,69,1158088.7806005788,761998.272644046,1594355.9235800882,556551.5226262388,1798454.399019346
fiat,SGD,USDT,69,963954.370390872,663173.8229045612,1175809.4237644419,485754.1775764345,1417059.5978872995
fiat,THB,ALL_FRICTIONLESS,69,2820142.6443034103,1923601.0085184115,3707728.10979902,1528109.6937662582,4653604.790336347
fiat,THB,USDC,69,294717.27525239496,194660.9990848365,590844.4424706608,111312.73102348647,1434589.2067546828
fiat,THB,USDT,69,2510192.5396495652,1581264.161286987,3363191.2517349715,1242306.6018899346,4142919.0162085323
fiat,TRY,ALL_FRICTIONLESS,69,15925169.226169948,10467825.347791566,19808243.71943594,4609472.82513322,26588930.84241759
fiat,TRY,USDC,69,1208012.4851141362,598931.1337618241,2043217.2159499857,111327.9150220696,2503830.711847027
fiat,TRY,USDT,69,14488507.69508059,9782815.294684902,18584035.84707263,4498144.910111151,25178228.738569904
fiat,UAH,ALL_FRICTIONLESS,68,19944.281881374438,18169.163656232227,22805.80518599928,15668.005922821474,89185.044125926
fiat,UAH,USDT,68,19944.281881374438,18169.163656232227,22805.80518599928,15668.005922821474,89185.044125926
fiat,VND,ALL_FRICTIONLESS,1,50637.66298549673,50637.66298549673,50637.66298549673,50637.66298549673,50637.66298549673
fiat,VND,USDT,1,50637.66298549673,50637.66298549673,50637.66298549673,50637.66298549673,50637.66298549673
fiat,ZAR,ALL_FRICTIONLESS,69,1452565.697658728,857587.8307129601,2636073.0261153243,378848.98637758486,3881038.3515196075
fiat,ZAR,USDC,69,174706.68115108705,124216.82980102737,201757.07485255162,108251.0340347389,221320.17625601863
fiat,ZAR,USDT,69,1289831.1861419873,694712.2138677272,2490123.1268769945,254701.64850098034,3706042.8766065966
tokenized,EUR,ALL_FRICTIONLESS,68,144365.58178043633,130838.34879157555,182353.36151074513,120886.30208790455,184714.27713246766
tokenized,EUR,USDC,68,143593.21345264744,129415.46895147102,179825.7156401424,120585.47456358376,182101.50754615074
tokenized,EUR,USDT,68,1522.9563362386286,275.0888625112113,2633.334376292175,273.57340455528754,2912.322929023432
tokenized,IDR,ALL_FRICTIONLESS,57,477.06812237511406,473.211111117102,481.87937279803145,471.6727248377269,484.28096747164057
tokenized,IDR,USDC,57,477.06812237511406,473.211111117102,481.87937279803145,471.6727248377269,484.28096747164057
tokenized,MXN,ALL_FRICTIONLESS,11,202.92481300908705,196.73511864161705,205.32492105823297,192.4321413108036,207.4631785652933
tokenized,MXN,USDC,11,202.92481300908705,196.73511864161705,205.32492105823297,192.4321413108036,207.4631785652933
tokenized,NGN,ALL_FRICTIONLESS,21,520.5285814233084,510.6007989336619,523.0604834457813,504.4340880612664,527.9239964426068
tokenized,NGN,USDC,21,520.5285814233084,510.6007989336619,523.0604834457813,504.4340880612664,527.9239964426068
tokenized,SGD,ALL_FRICTIONLESS,65,962.3552176222754,630.7875611492566,1010.4775042817903,251.2511203184458,1062.3437633678682
tokenized,SGD,USDC,65,962.3552176222754,630.7875611492566,1010.4775042817903,251.2511203184458,1062.3437633678682
tokenized,ZAR,ALL_FRICTIONLESS,51,892.3827713705496,474.8806878925592,3374.608119930141,24.09755459478077,4315.511093762369
tokenized,ZAR,USDC,51,892.3827713705496,474.8806878925592,3374.608119930141,24.09755459478077,4315.511093762369
