date,snapshot_id,collected_utc,received_utc,exchange_timestamp_utc,exchange_timestamp_status,exchange_timestamp_encoding,venue,pair,corridor,stablecoin,base_asset,quote_asset,source_type,price_unit,quantity_unit,usd_conversion_assumption,source_url,source_params_json,off_ramp_action,raw_file,raw_sha256,requested_stablecoin_units,filled_stablecoin_units,requested_stablecoin_usd,filled_stablecoin_usd,fill_rate,quote_proceeds,vwap_quote_per_stablecoin,average_slippage_bps,terminal_impact_bps,levels_used,book_exhausted
2026-10-07,20261007T115958158695Z_787877ed,2026-10-07T11:59:58.161341+00:00,2026-10-07T11:59:58.498162+00:00,2026-10-07T11:59:58.398000+00:00,provided,documented_exchange_clock,btcturk,USDTTRY,TRY,USDT,USDT,TRY,native_l2,TRY per USDT,USDT,1 stablecoin token = 1 USD; no FX conversion,https://api.btcturk.com/api/v2/orderbook,"{""limit"": 100, ""pairSymbol"": ""USDTTRY""}",sell_stablecoin_base_hit_bids,btcturk_usdttry_raw.json,3c031e9fccc972a2622a8d2c4edd7e34aceafc620c9aa139394d4e98770a4f2b,1000,1000.0,1000,1000.0,1.0,49163.69813,49.16369813,2.5016003741662463,2.6435659671397715,2,False
2026-10-07,20261007T115958158695Z_787877ed,2026-10-07T11:59:58.161341+00:00,2026-10-07T11:59:58.498162+00:00,2026-10-07T11:59:58.398000+00:00,provided,documented_exchange_clock,btcturk,USDTTRY,TRY,USDT,USDT,TRY,native_l2,TRY per USDT,USDT,1 stablecoin token = 1 USD; no FX conversion,https://api.btcturk.com/api/v2/orderbook,"{""limit"": 100, ""pairSymbol"": ""USDTTRY""}",sell_stablecoin_base_hit_bids,btcturk_usdttry_raw.json,3c031e9fccc972a2622a8d2c4edd7e34aceafc620c9aa139394d4e98770a4f2b,5000,5000.0,5000,5000.0,1.0,245815.69813,49.163139626,2.615172848543512,2.6435659671397715,2,False
2026-10-07,20261007T115958158695Z_787877ed,2026-10-07T11:59:58.161341+00:00,2026-10-07T11:59:58.498162+00:00,2026-10-07T11:59:58.398000+00:00,provided,documented_exchange_clock,btcturk,USDTTRY,TRY,USDT,USDT,TRY,native_l2,TRY per USDT,USDT,1 stablecoin token = 1 USD; no FX conversion,https://api.btcturk.com/api/v2/orderbook,"{""limit"": 100, ""pairSymbol"": ""USDTTRY""}",sell_stablecoin_base_hit_bids,btcturk_usdttry_raw.json,3c031e9fccc972a2622a8d2c4edd7e34aceafc620c9aa139394d4e98770a4f2b,10000,10000.0,10000,10000.0,1.0,491630.69813,49.163069813,2.629369407841642,2.6435659671397715,2,False
2026-10-07,20261007T115958158695Z_787877ed,2026-10-07T11:59:58.161341+00:00,2026-10-07T11:59:58.498162+00:00,2026-10-07T11:59:58.398000+00:00,provided,documented_exchange_clock,btcturk,USDTTRY,TRY,USDT,USDT,TRY,native_l2,TRY per USDT,USDT,1 stablecoin token = 1 USD; no FX conversion,https://api.btcturk.com/api/v2/orderbook,"{""limit"": 100, ""pairSymbol"": ""USDTTRY""}",sell_stablecoin_base_hit_bids,btcturk_usdttry_raw.json,3c031e9fccc972a2622a8d2c4edd7e34aceafc620c9aa139394d4e98770a4f2b,25000,25000.0,25000,25000.0,1.0,1229075.69813,49.1630279252,2.6378873434207417,2.6435659671397715,2,False
2026-10-07,20261007T115958158695Z_787877ed,2026-10-07T11:59:58.161341+00:00,2026-10-07T11:59:58.498162+00:00,2026-10-07T11:59:58.398000+00:00,provided,documented_exchange_clock,btcturk,USDTTRY,TRY,USDT,USDT,TRY,native_l2,TRY per USDT,USDT,1 stablecoin token = 1 USD; no FX conversion,https://api.btcturk.com/api/v2/orderbook,"{""limit"": 100, ""pairSymbol"": ""USDTTRY""}",sell_stablecoin_base_hit_bids,btcturk_usdttry_raw.json,3c031e9fccc972a2622a8d2c4edd7e34aceafc620c9aa139394d4e98770a4f2b,50000,50000.0,50000,50000.0,1.0,2458144.43137,49.1628886274,2.666213722141153,2.8469171953804384,3,False
2026-10-07,20261007T115958158695Z_787877ed,2026-10-07T11:59:58.161341+00:00,2026-10-07T11:59:58.498162+00:00,2026-10-07T11:59:58.398000+00:00,provided,documented_exchange_clock,btcturk,USDTTRY,TRY,USDT,USDT,TRY,native_l2,TRY per USDT,USDT,1 stablecoin token = 1 USD; no FX conversion,https://api.btcturk.com/api/v2/orderbook,"{""limit"": 100, ""pairSymbol"": ""USDTTRY""}",sell_stablecoin_base_hit_bids,btcturk_usdttry_raw.json,3c031e9fccc972a2622a8d2c4edd7e34aceafc620c9aa139394d4e98770a4f2b,100000,100000.0,100000,100000.0,1.0,4916141.76179,49.1614176179,2.9653453107214567,5.4904831625179895,9,False
2026-10-07,20261007T115958158695Z_787877ed,2026-10-07T11:59:58.499151+00:00,2026-10-07T11:59:58.851568+00:00,2026-10-07T11:59:58.805176+00:00,provided,epoch_nanoseconds_inferred_by_magnitude,mercadobitcoin,USDT-BRL,BRL,USDT,USDT,BRL,native_l2,BRL per USDT,USDT,1 stablecoin token = 1 USD; no FX conversion,https://api.mercadobitcoin.net/api/v4/USDT-BRL/orderbook,"{""limit"": 100}",sell_stablecoin_base_hit_bids,mercadobitcoin_usdt-brl_raw.json,ef0b1a12a3d611f6f77c70bf06b05a1dbd43f57a5c0ad0967a6e4689352028ab,1000,1000.0,1000,1000.0,1.0,5028.7,5.0287,0.09942828734899045,0.09942828734899045,1,False
2026-10-07,20261007T115958158695Z_787877ed,2026-10-07T11:59:58.499151+00:00,2026-10-07T11:59:58.851568+00:00,2026-10-07T11:59:58.805176+00:00,provided,epoch_nanoseconds_inferred_by_magnitude,mercadobitcoin,USDT-BRL,BRL,USDT,USDT,BRL,native_l2,BRL per USDT,USDT,1 stablecoin token = 1 USD; no FX conversion,https://api.mercadobitcoin.net/api/v4/USDT-BRL/orderbook,"{""limit"": 100}",sell_stablecoin_base_hit_bids,mercadobitcoin_usdt-brl_raw.json,ef0b1a12a3d611f6f77c70bf06b05a1dbd43f57a5c0ad0967a6e4689352028ab,5000,5000.0,5000,5000.0,1.0,25139.62934024,5.027925868048,1.6388405707190579,2.4857071836947853,4,False
2026-10-07,20261007T115958158695Z_787877ed,2026-10-07T11:59:58.499151+00:00,2026-10-07T11:59:58.851568+00:00,2026-10-07T11:59:58.805176+00:00,provided,epoch_nanoseconds_inferred_by_magnitude,mercadobitcoin,USDT-BRL,BRL,USDT,USDT,BRL,native_l2,BRL per USDT,USDT,1 stablecoin token = 1 USD; no FX conversion,https://api.mercadobitcoin.net/api/v4/USDT-BRL/orderbook,"{""limit"": 100}",sell_stablecoin_base_hit_bids,mercadobitcoin_usdt-brl_raw.json,ef0b1a12a3d611f6f77c70bf06b05a1dbd43f57a5c0ad0967a6e4689352028ab,10000,10000.0,10000,10000.0,1.0,50276.25139394,5.027625139394,2.236859271191882,3.6788466318671276,8,False
2026-10-07,20261007T115958158695Z_787877ed,2026-10-07T11:59:58.499151+00:00,2026-10-07T11:59:58.851568+00:00,2026-10-07T11:59:58.805176+00:00,provided,epoch_nanoseconds_inferred_by_magnitude,mercadobitcoin,USDT-BRL,BRL,USDT,USDT,BRL,native_l2,BRL per USDT,USDT,1 stablecoin token = 1 USD; no FX conversion,https://api.mercadobitcoin.net/api/v4/USDT-BRL/orderbook,"{""limit"": 100}",sell_stablecoin_base_hit_bids,mercadobitcoin_usdt-brl_raw.json,ef0b1a12a3d611f6f77c70bf06b05a1dbd43f57a5c0ad0967a6e4689352028ab,25000,25000.0,25000,25000.0,1.0,125655.96210032,5.0262384840128,4.994314665076605,10.638826746210972,14,False
2026-10-07,20261007T115958158695Z_787877ed,2026-10-07T11:59:58.499151+00:00,2026-10-07T11:59:58.851568+00:00,2026-10-07T11:59:58.805176+00:00,provided,epoch_nanoseconds_inferred_by_magnitude,mercadobitcoin,USDT-BRL,BRL,USDT,USDT,BRL,native_l2,BRL per USDT,USDT,1 stablecoin token = 1 USD; no FX conversion,https://api.mercadobitcoin.net/api/v4/USDT-BRL/orderbook,"{""limit"": 100}",sell_stablecoin_base_hit_bids,mercadobitcoin_usdt-brl_raw.json,ef0b1a12a3d611f6f77c70bf06b05a1dbd43f57a5c0ad0967a6e4689352028ab,50000,49999.999999999985,50000,49999.999999999985,0.9999999999999997,251202.52893181998,5.024050578636401,9.345108354162912,14.61595824012063,18,False
2026-10-07,20261007T115958158695Z_787877ed,2026-10-07T11:59:58.499151+00:00,2026-10-07T11:59:58.851568+00:00,2026-10-07T11:59:58.805176+00:00,provided,epoch_nanoseconds_inferred_by_magnitude,mercadobitcoin,USDT-BRL,BRL,USDT,USDT,BRL,native_l2,BRL per USDT,USDT,1 stablecoin token = 1 USD; no FX conversion,https://api.mercadobitcoin.net/api/v4/USDT-BRL/orderbook,"{""limit"": 100}",sell_stablecoin_base_hit_bids,mercadobitcoin_usdt-brl_raw.json,ef0b1a12a3d611f6f77c70bf06b05a1dbd43f57a5c0ad0967a6e4689352028ab,100000,100000.0,100000,100000.0,1.0,502202.78779002,5.0220278779002,13.367381754512131,18.593089734030286,21,False
2026-10-07,20261007T115958158695Z_787877ed,2026-10-07T11:59:58.852545+00:00,2026-10-07T11:59:59.689009+00:00,,unavailable,unavailable,indodax,usdtidr,IDR,USDT,USDT,IDR,native_l2,IDR per USDT,USDT,1 stablecoin token = 1 USD; no FX conversion,https://indodax.com/api/depth/usdtidr,{},sell_stablecoin_base_hit_bids,indodax_usdtidr_raw.json,c96cca5622e0f22bca6213034a80f580420971e7c6a538609625026c6b706385,1000,1000.0,1000,1000.0,1.0,17869000.0,17869.0,0.2798063739894996,0.2798063739894996,1,False
2026-10-07,20261007T115958158695Z_787877ed,2026-10-07T11:59:58.852545+00:00,2026-10-07T11:59:59.689009+00:00,,unavailable,unavailable,indodax,usdtidr,IDR,USDT,USDT,IDR,native_l2,IDR per USDT,USDT,1 stablecoin token = 1 USD; no FX conversion,https://indodax.com/api/depth/usdtidr,{},sell_stablecoin_base_hit_bids,indodax_usdtidr_raw.json,c96cca5622e0f22bca6213034a80f580420971e7c6a538609625026c6b706385,5000,5000.0,5000,5000.0,1.0,89345000.0,17869.0,0.2798063739894996,0.2798063739894996,1,False
2026-10-07,20261007T115958158695Z_787877ed,2026-10-07T11:59:58.852545+00:00,2026-10-07T11:59:59.689009+00:00,,unavailable,unavailable,indodax,usdtidr,IDR,USDT,USDT,IDR,native_l2,IDR per USDT,USDT,1 stablecoin token = 1 USD; no FX conversion,https://indodax.com/api/depth/usdtidr,{},sell_stablecoin_base_hit_bids,indodax_usdtidr_raw.json,c96cca5622e0f22bca6213034a80f580420971e7c6a538609625026c6b706385,10000,10000.0,10000,10000.0,1.0,178690000.0,17869.0,0.2798063739894996,0.2798063739894996,1,False
2026-10-07,20261007T115958158695Z_787877ed,2026-10-07T11:59:58.852545+00:00,2026-10-07T11:59:59.689009+00:00,,unavailable,unavailable,indodax,usdtidr,IDR,USDT,USDT,IDR,native_l2,IDR per USDT,USDT,1 stablecoin token = 1 USD; no FX conversion,https://indodax.com/api/depth/usdtidr,{},sell_stablecoin_base_hit_bids,indodax_usdtidr_raw.json,c96cca5622e0f22bca6213034a80f580420971e7c6a538609625026c6b706385,25000,25000.0,25000,25000.0,1.0,446714831.59613097,17868.59326384524,0.5074211112565674,0.8394191219673885,2,False
2026-10-07,20261007T115958158695Z_787877ed,2026-10-07T11:59:58.852545+00:00,2026-10-07T11:59:59.689009+00:00,,unavailable,unavailable,indodax,usdtidr,IDR,USDT,USDT,IDR,native_l2,IDR per USDT,USDT,1 stablecoin token = 1 USD; no FX conversion,https://indodax.com/api/depth/usdtidr,{},sell_stablecoin_base_hit_bids,indodax_usdtidr_raw.json,c96cca5622e0f22bca6213034a80f580420971e7c6a538609625026c6b706385,50000,50000.0,50000,50000.0,1.0,893353023.9293396,17867.060478586794,1.365187281796576,2.518257365903276,5,False
2026-10-07,20261007T115958158695Z_787877ed,2026-10-07T11:59:58.852545+00:00,2026-10-07T11:59:59.689009+00:00,,unavailable,unavailable,indodax,usdtidr,IDR,USDT,USDT,IDR,native_l2,IDR per USDT,USDT,1 stablecoin token = 1 USD; no FX conversion,https://indodax.com/api/depth/usdtidr,{},sell_stablecoin_base_hit_bids,indodax_usdtidr_raw.json,c96cca5622e0f22bca6213034a80f580420971e7c6a538609625026c6b706385,100000,100000.0,100000,100000.0,1.0,1786603023.92934,17866.0302392934,1.9417223238482606,2.518257365903276,5,False
2026-10-07,20261007T115958158695Z_787877ed,2026-10-07T11:59:59.690118+00:00,2026-10-07T11:59:59.995827+00:00,,unavailable,unavailable,valr,USDTZAR,ZAR,USDT,USDT,ZAR,native_l2,ZAR per USDT,USDT,1 stablecoin token = 1 USD; no FX conversion,https://api.valr.com/v1/public/USDTZAR/orderbook/full,{},sell_stablecoin_base_hit_bids,valr_usdtzar_raw.json,4e0b3496f97b9d28a418c414e4dbfa5dd906c4585c2eaf039b1ea3d271421050,1000,1000.0,1000,1000.0,1.0,16746.0,16.746,0.029857787358089638,0.029857787358089638,1,False
2026-10-07,20261007T115958158695Z_787877ed,2026-10-07T11:59:59.690118+00:00,2026-10-07T11:59:59.995827+00:00,,unavailable,unavailable,valr,USDTZAR,ZAR,USDT,USDT,ZAR,native_l2,ZAR per USDT,USDT,1 stablecoin token = 1 USD; no FX conversion,https://api.valr.com/v1/public/USDTZAR/orderbook/full,{},sell_stablecoin_base_hit_bids,valr_usdtzar_raw.json,4e0b3496f97b9d28a418c414e4dbfa5dd906c4585c2eaf039b1ea3d271421050,5000,5000.0,5000,5000.0,1.0,83730.0,16.746,0.029857787358089638,0.029857787358089638,1,False
2026-10-07,20261007T115958158695Z_787877ed,2026-10-07T11:59:59.690118+00:00,2026-10-07T11:59:59.995827+00:00,,unavailable,unavailable,valr,USDTZAR,ZAR,USDT,USDT,ZAR,native_l2,ZAR per USDT,USDT,1 stablecoin token = 1 USD; no FX conversion,https://api.valr.com/v1/public/USDTZAR/orderbook/full,{},sell_stablecoin_base_hit_bids,valr_usdtzar_raw.json,4e0b3496f97b9d28a418c414e4dbfa5dd906c4585c2eaf039b1ea3d271421050,10000,10000.0,10000,10000.0,1.0,167460.0,16.746,0.029857787358089638,0.029857787358089638,1,False
2026-10-07,20261007T115958158695Z_787877ed,2026-10-07T11:59:59.690118+00:00,2026-10-07T11:59:59.995827+00:00,,unavailable,unavailable,valr,USDTZAR,ZAR,USDT,USDT,ZAR,native_l2,ZAR per USDT,USDT,1 stablecoin token = 1 USD; no FX conversion,https://api.valr.com/v1/public/USDTZAR/orderbook/full,{},sell_stablecoin_base_hit_bids,valr_usdtzar_raw.json,4e0b3496f97b9d28a418c414e4dbfa5dd906c4585c2eaf039b1ea3d271421050,25000,25000.0,25000,25000.0,1.0,418649.99999999994,16.746,0.029857787358089638,0.029857787358089638,1,False
2026-10-07,20261007T115958158695Z_787877ed,2026-10-07T11:59:59.690118+00:00,2026-10-07T11:59:59.995827+00:00,,unavailable,unavailable,valr,USDTZAR,ZAR,USDT,USDT,ZAR,native_l2,ZAR per USDT,USDT,1 stablecoin token = 1 USD; no FX conversion,https://api.valr.com/v1/public/USDTZAR/orderbook/full,{},sell_stablecoin_base_hit_bids,valr_usdtzar_raw.json,4e0b3496f97b9d28a418c414e4dbfa5dd906c4585c2eaf039b1ea3d271421050,50000,50000.0,50000,50000.0,1.0,837124.7173865598,16.742494347731196,2.1232781872748685,9.106625144436054,10,False
2026-10-07,20261007T115958158695Z_787877ed,2026-10-07T11:59:59.690118+00:00,2026-10-07T11:59:59.995827+00:00,,unavailable,unavailable,valr,USDTZAR,ZAR,USDT,USDT,ZAR,native_l2,ZAR per USDT,USDT,1 stablecoin token = 1 USD; no FX conversion,https://api.valr.com/v1/public/USDTZAR/orderbook/full,{},sell_stablecoin_base_hit_bids,valr_usdtzar_raw.json,4e0b3496f97b9d28a418c414e4dbfa5dd906c4585c2eaf039b1ea3d271421050,100000,100000.0,100000,100000.0,1.0,1673664.7173865598,16.7366471738656,5.614951665854351,9.106625144436054,13,False
2026-10-07,20261007T115958158695Z_787877ed,2026-10-07T11:59:59.999266+00:00,2026-10-07T12:00:00.845601+00:00,,unavailable,unavailable,bitkub,usdt_thb,THB,USDT,USDT,THB,native_l2,THB per USDT,USDT,1 stablecoin token = 1 USD; no FX conversion,https://api.bitkub.com/api/v3/market/depth,"{""lmt"": 1000, ""sym"": ""usdt_thb""}",sell_stablecoin_base_hit_bids,bitkub_usdt_thb_raw.json,da264fb245c3b1320b7f88cac53736dec979513d4e2c5b611480149c47fd1e0b,1000,1000.0,1000,1000.0,1.0,33680.0,33.68,1.4843402107767023,1.4843402107767023,1,False
2026-10-07,20261007T115958158695Z_787877ed,2026-10-07T11:59:59.999266+00:00,2026-10-07T12:00:00.845601+00:00,,unavailable,unavailable,bitkub,usdt_thb,THB,USDT,USDT,THB,native_l2,THB per USDT,USDT,1 stablecoin token = 1 USD; no FX conversion,https://api.bitkub.com/api/v3/market/depth,"{""lmt"": 1000, ""sym"": ""usdt_thb""}",sell_stablecoin_base_hit_bids,bitkub_usdt_thb_raw.json,da264fb245c3b1320b7f88cac53736dec979513d4e2c5b611480149c47fd1e0b,5000,5000.0,5000,5000.0,1.0,168400.0,33.68,1.4843402107767023,1.4843402107767023,1,False
2026-10-07,20261007T115958158695Z_787877ed,2026-10-07T11:59:59.999266+00:00,2026-10-07T12:00:00.845601+00:00,,unavailable,unavailable,bitkub,usdt_thb,THB,USDT,USDT,THB,native_l2,THB per USDT,USDT,1 stablecoin token = 1 USD; no FX conversion,https://api.bitkub.com/api/v3/market/depth,"{""lmt"": 1000, ""sym"": ""usdt_thb""}",sell_stablecoin_base_hit_bids,bitkub_usdt_thb_raw.json,da264fb245c3b1320b7f88cac53736dec979513d4e2c5b611480149c47fd1e0b,10000,10000.0,10000,10000.0,1.0,336800.0,33.68,1.4843402107767023,1.4843402107767023,1,False
2026-10-07,20261007T115958158695Z_787877ed,2026-10-07T11:59:59.999266+00:00,2026-10-07T12:00:00.845601+00:00,,unavailable,unavailable,bitkub,usdt_thb,THB,USDT,USDT,THB,native_l2,THB per USDT,USDT,1 stablecoin token = 1 USD; no FX conversion,https://api.bitkub.com/api/v3/market/depth,"{""lmt"": 1000, ""sym"": ""usdt_thb""}",sell_stablecoin_base_hit_bids,bitkub_usdt_thb_raw.json,da264fb245c3b1320b7f88cac53736dec979513d4e2c5b611480149c47fd1e0b,25000,25000.0,25000,25000.0,1.0,842000.0,33.68,1.4843402107767023,1.4843402107767023,1,False
2026-10-07,20261007T115958158695Z_787877ed,2026-10-07T11:59:59.999266+00:00,2026-10-07T12:00:00.845601+00:00,,unavailable,unavailable,bitkub,usdt_thb,THB,USDT,USDT,THB,native_l2,THB per USDT,USDT,1 stablecoin token = 1 USD; no FX conversion,https://api.bitkub.com/api/v3/market/depth,"{""lmt"": 1000, ""sym"": ""usdt_thb""}",sell_stablecoin_base_hit_bids,bitkub_usdt_thb_raw.json,da264fb245c3b1320b7f88cac53736dec979513d4e2c5b611480149c47fd1e0b,50000,50000.0,50000,50000.0,1.0,1684000.0,33.68,1.4843402107767023,1.4843402107767023,1,False
2026-10-07,20261007T115958158695Z_787877ed,2026-10-07T11:59:59.999266+00:00,2026-10-07T12:00:00.845601+00:00,,unavailable,unavailable,bitkub,usdt_thb,THB,USDT,USDT,THB,native_l2,THB per USDT,USDT,1 stablecoin token = 1 USD; no FX conversion,https://api.bitkub.com/api/v3/market/depth,"{""lmt"": 1000, ""sym"": ""usdt_thb""}",sell_stablecoin_base_hit_bids,bitkub_usdt_thb_raw.json,da264fb245c3b1320b7f88cac53736dec979513d4e2c5b611480149c47fd1e0b,100000,100000.0,100000,100000.0,1.0,3368000.0,33.68,1.4843402107767023,1.4843402107767023,1,False
